asset,usdt_symbol,usdt_current_state,usdt_color_age_days,usdt_flip,btc_symbol,btc_current_state,btc_color_age_days,btc_flip,score,score_tier,market_cap_rank,reason,usdt_tradingview_link,btc_tradingview_link,usdt_data_as_of,usdt_candle_age_days,usdt_data_freshness_status,btc_data_as_of,btc_candle_age_days,btc_data_freshness_status
ARB,ARBUSDT,Gold,4,No,ARBBTC,Gold,1,Yes,90,A+ Strong,65,"Valid confirmed trend flip — large-cap stability, top market cap, fresh signal, clean transition, high volume",https://www.tradingview.com/chart/?symbol=ARBUSDT,https://www.tradingview.com/chart/?symbol=ARBBTC,2026-09-05,1,fresh,2026-09-05,1,fresh
NEAR,NEARUSDT,Gold,1,Yes,NEARBTC,Blue,30,No,69,A Good,34,"Valid confirmed trend flip — large-cap stability, top market cap, fresh signal",https://www.tradingview.com/chart/?symbol=NEARUSDT,https://www.tradingview.com/chart/?symbol=NEARBTC,2026-09-05,1,fresh,2026-09-05,1,fresh
DOGS,DOGSUSDT,Gold,1,Yes,,,,No,62,B Watch,771,"Valid confirmed trend flip — small-cap potential, small-cap high risk, fresh signal",https://www.tradingview.com/chart/?symbol=DOGSUSDT,,2026-09-05,1,fresh,,,
TNSR,TNSRUSDT,Gold,1,Yes,,,,No,62,B Watch,698,"Valid confirmed trend flip — small-cap potential, small-cap high risk, fresh signal",https://www.tradingview.com/chart/?symbol=TNSRUSDT,,2026-09-05,1,fresh,,,
DCR,DCRUSDT,Gold,1,Yes,,,,No,57,B Watch,143,Valid confirmed trend flip — fresh signal,https://www.tradingview.com/chart/?symbol=DCRUSDT,,2026-09-05,1,fresh,,,
FLOKI,FLOKIUSDT,Gold,1,Yes,,,,No,37,C Weak,,Valid confirmed trend flip — fresh signal,https://www.tradingview.com/chart/?symbol=FLOKIUSDT,,2026-09-05,1,fresh,,,
0G,0GUSDT,Blue,129,No,,,,No,0,D Ignore,524,"Two-color confirmation did not come immediately after Gray — small-cap potential, small-cap high risk, clean transition",https://www.tradingview.com/chart/?symbol=0GUSDT,,2026-09-05,1,fresh,,,
1000CAT,1000CATUSDT,Gold,21,No,,,,No,0,D Ignore,,Two-color confirmation did not come immediately after Gray — clean transition,https://www.tradingview.com/chart/?symbol=1000CATUSDT,,2026-09-05,1,fresh,,,
1000CHEEMS,1000CHEEMSUSDT,Gold,10,No,,,,No,0,D Ignore,,Two-color confirmation did not come immediately after Gray — clean transition,https://www.tradingview.com/chart/?symbol=1000CHEEMSUSDT,,2026-09-05,1,fresh,,,
1000SATS,1000SATSUSDT,Gold,14,No,,,,No,0,D Ignore,,Two-color confirmation did not come immediately after Gray — clean transition,https://www.tradingview.com/chart/?symbol=1000SATSUSDT,,2026-09-05,1,fresh,,,
1INCH,1INCHUSDT,Gold,27,No,,,,No,0,D Ignore,223,Two-color confirmation did not come immediately after Gray — clean transition,https://www.tradingview.com/chart/?symbol=1INCHUSDT,,2026-09-05,1,fresh,,,
1MBABYDOGE,1MBABYDOGEUSDT,Gold,12,No,,,,No,0,D Ignore,,Two-color confirmation did not come immediately after Gray — clean transition,https://www.tradingview.com/chart/?symbol=1MBABYDOGEUSDT,,2026-09-05,1,fresh,,,
2Z,2ZUSDT,Blue,87,No,,,,No,0,D Ignore,188,Two-color confirmation did not come immediately after Gray — clean transition,https://www.tradingview.com/chart/?symbol=2ZUSDT,,2026-09-05,1,fresh,,,
A,AUSDT,Gold,5,No,,,,No,0,D Ignore,226,Two-color confirmation did not come immediately after Gray — clean transition,https://www.tradingview.com/chart/?symbol=AUSDT,,2026-09-05,1,fresh,,,
AAOIB,AAOIBUSDT,Unknown,,No,,,,No,0,D Ignore,1666,Not enough candles: 54 — not eligible for AI research,https://www.tradingview.com/chart/?symbol=BINANCE:AAOIBUSDT,,2026-09-05,1,fresh,,,
AAPLB,AAPLBUSDT,Unknown,,No,,,,No,0,D Ignore,1476,Not enough candles: 40 — not eligible for AI research,https://www.tradingview.com/chart/?symbol=BINANCE:AAPLBUSDT,,2026-09-05,1,fresh,,,
AAVE,AAVEUSDT,Gold,53,No,AAVEBTC,Gold,66,No,0,D Ignore,45,"Two-color confirmation did not come immediately after Gray — large-cap stability, top market cap, clean transition",https://www.tradingview.com/chart/?symbol=AAVEUSDT,https://www.tradingview.com/chart/?symbol=AAVEBTC,2026-09-05,1,fresh,2026-09-05,1,fresh
ACE,ACEUSDT,Gold,23,No,,,,No,0,D Ignore,858,"Two-color confirmation did not come immediately after Gray — small-cap potential, small-cap high risk, clean transition",https://www.tradingview.com/chart/?symbol=ACEUSDT,,2026-09-05,1,fresh,,,
ACH,ACHUSDT,Gray,11,No,,,,No,0,D Ignore,,Latest two closed candles are not same Gold/Blue color — clean transition,https://www.tradingview.com/chart/?symbol=ACHUSDT,,2026-09-05,1,fresh,,,
ACM,ACMUSDT,Blue,111,No,,,,No,0,D Ignore,1789,"Two-color confirmation did not come immediately after Gray — small-cap potential, small-cap high risk, clean transition",https://www.tradingview.com/chart/?symbol=ACMUSDT,,2026-09-05,1,fresh,,,
ACT,ACTUSDT,Gold,9,No,,,,No,0,D Ignore,1179,"Two-color confirmation did not come immediately after Gray — small-cap potential, small-cap high risk, clean transition",https://www.tradingview.com/chart/?symbol=ACTUSDT,,2026-09-05,1,fresh,,,
ADA,ADAUSDT,Gold,13,No,ADABTC,Blue,8,No,0,D Ignore,18,"Two-color confirmation did not come immediately after Gray — large-cap stability, top market cap, clean transition",https://www.tradingview.com/chart/?symbol=ADAUSDT,https://www.tradingview.com/chart/?symbol=ADABTC,2026-09-05,1,fresh,2026-09-05,1,fresh
ADX,ADXUSDT,Gold,14,No,,,,No,0,D Ignore,1268,"Two-color confirmation did not come immediately after Gray — small-cap potential, small-cap high risk, clean transition",https://www.tradingview.com/chart/?symbol=ADXUSDT,,2026-09-05,1,fresh,,,
AERO,AEROUSDT,Unknown,,No,,,,No,0,D Ignore,105,Not enough candles: 52 — not eligible for AI research,https://www.tradingview.com/chart/?symbol=BINANCE:AEROUSDT,,2026-09-05,1,fresh,,,
AEVO,AEVOUSDT,Gold,12,No,,,,No,0,D Ignore,799,"Two-color confirmation did not come immediately after Gray — small-cap potential, small-cap high risk, clean transition",https://www.tradingview.com/chart/?symbol=AEVOUSDT,,2026-09-05,1,fresh,,,
AGLD,AGLDUSDT,Gray,10,No,,,,No,0,D Ignore,961,"Latest two closed candles are not same Gold/Blue color — small-cap potential, small-cap high risk, clean transition",https://www.tradingview.com/chart/?symbol=AGLDUSDT,,2026-09-05,1,fresh,,,
AI,AIUSDT,Blue,77,No,,,,No,0,D Ignore,174,Two-color confirmation did not come immediately after Gray — clean transition,https://www.tradingview.com/chart/?symbol=AIUSDT,,2026-09-05,1,fresh,,,
AIGENSYN,AIGENSYNUSDT,Unknown,,No,,,,No,0,D Ignore,,Not enough candles: 116 — not eligible for AI research,https://www.tradingview.com/chart/?symbol=BINANCE:AIGENSYNUSDT,,2026-09-05,1,fresh,,,
AIXBT,AIXBTUSDT,Gray,11,No,,,,No,0,D Ignore,796,"Latest two closed candles are not same Gold/Blue color — small-cap potential, small-cap high risk, clean transition",https://www.tradingview.com/chart/?symbol=AIXBTUSDT,,2026-09-05,1,fresh,,,
ALABB,ALABBUSDT,Unknown,,No,,,,No,0,D Ignore,,Not enough candles: 33 — not eligible for AI research,https://www.tradingview.com/chart/?symbol=BINANCE:ALABBUSDT,,2026-09-05,1,fresh,,,
ALGO,ALGOUSDT,Gray,11,No,,,,No,0,D Ignore,79,"Latest two closed candles are not same Gold/Blue color — large-cap stability, top market cap, clean transition",https://www.tradingview.com/chart/?symbol=ALGOUSDT,,2026-09-05,1,fresh,,,
ALICE,ALICEUSDT,Gold,20,No,,,,No,0,D Ignore,1041,"Two-color confirmation did not come immediately after Gray — small-cap potential, small-cap high risk, clean transition",https://www.tradingview.com/chart/?symbol=ALICEUSDT,,2026-09-05,1,fresh,,,
ALLO,ALLOUSDT,Blue,12,No,,,,No,0,D Ignore,397,"Two-color confirmation did not come immediately after Gray — small-cap potential, small-cap high risk, clean transition",https://www.tradingview.com/chart/?symbol=ALLOUSDT,,2026-09-05,1,fresh,,,
ALPINE,ALPINEUSDT,Gray,17,No,,,,No,0,D Ignore,1782,"Latest two closed candles are not same Gold/Blue color — small-cap potential, small-cap high risk, clean transition",https://www.tradingview.com/chart/?symbol=ALPINEUSDT,,2026-09-05,1,fresh,,,
ALT,ALTUSDT,Gray,12,No,,,,No,0,D Ignore,482,"Latest two closed candles are not same Gold/Blue color — small-cap potential, small-cap high risk, clean transition",https://www.tradingview.com/chart/?symbol=ALTUSDT,,2026-09-05,1,fresh,,,
AMATB,AMATBUSDT,Unknown,,No,,,,No,0,D Ignore,,Not enough candles: 40 — not eligible for AI research,https://www.tradingview.com/chart/?symbol=BINANCE:AMATBUSDT,,2026-09-05,1,fresh,,,
AMDB,AMDBUSDT,Unknown,,No,,,,No,0,D Ignore,,Not enough candles: 76 — not eligible for AI research,https://www.tradingview.com/chart/?symbol=BINANCE:AMDBUSDT,,2026-09-05,1,fresh,,,
AMP,AMPUSDT,Gray,1,No,,,,No,0,D Ignore,535,"Latest two closed candles are not same Gold/Blue color — small-cap potential, small-cap high risk, fresh signal, clean transition",https://www.tradingview.com/chart/?symbol=AMPUSDT,,2026-09-05,1,fresh,,,
AMZNB,AMZNBUSDT,Unknown,,No,,,,No,0,D Ignore,,Not enough candles: 40 — not eligible for AI research,https://www.tradingview.com/chart/?symbol=BINANCE:AMZNBUSDT,,2026-09-05,1,fresh,,,
ANIME,ANIMEUSDT,Gray,4,No,,,,No,0,D Ignore,964,"Latest two closed candles are not same Gold/Blue color — small-cap potential, small-cap high risk, clean transition",https://www.tradingview.com/chart/?symbol=ANIMEUSDT,,2026-09-05,1,fresh,,,
ANKR,ANKRUSDT,Gold,3,No,,,,No,0,D Ignore,512,"Two-color confirmation did not come immediately after Gray — small-cap potential, small-cap high risk, clean transition",https://www.tradingview.com/chart/?symbol=ANKRUSDT,,2026-09-05,1,fresh,,,
APE,APEUSDT,Gray,0,No,,,,No,0,D Ignore,217,"Latest two closed candles are not same Gold/Blue color — fresh signal, clean transition",https://www.tradingview.com/chart/?symbol=APEUSDT,,2026-09-05,1,fresh,,,
API3,API3USDT,Gray,7,No,,,,No,0,D Ignore,609,"Latest two closed candles are not same Gold/Blue color — small-cap potential, small-cap high risk, clean transition",https://www.tradingview.com/chart/?symbol=API3USDT,,2026-09-05,1,fresh,,,
APT,APTUSDT,Blue,94,No,,,,No,0,D Ignore,106,Two-color confirmation did not come immediately after Gray — clean transition,https://www.tradingview.com/chart/?symbol=APTUSDT,,2026-09-05,1,fresh,,,
AR,ARUSDT,Gold,10,No,,,,No,0,D Ignore,179,Two-color confirmation did not come immediately after Gray — clean transition,https://www.tradingview.com/chart/?symbol=ARUSDT,,2026-09-05,1,fresh,,,
ARK,ARKUSDT,Gray,7,No,,,,No,0,D Ignore,766,"Latest two closed candles are not same Gold/Blue color — small-cap potential, small-cap high risk, clean transition",https://www.tradingview.com/chart/?symbol=ARKUSDT,,2026-09-05,1,fresh,,,
ARKM,ARKMUSDT,Gray,7,No,,,,No,0,D Ignore,338,"Latest two closed candles are not same Gold/Blue color — small-cap potential, small-cap high risk, clean transition",https://www.tradingview.com/chart/?symbol=ARKMUSDT,,2026-09-05,1,fresh,,,
ARMB,ARMBUSDT,Unknown,,No,,,,No,0,D Ignore,,Not enough candles: 54 — not eligible for AI research,https://www.tradingview.com/chart/?symbol=BINANCE:ARMBUSDT,,2026-09-05,1,fresh,,,
ARPA,ARPAUSDT,Gold,8,No,,,,No,0,D Ignore,930,"Two-color confirmation did not come immediately after Gray — small-cap potential, small-cap high risk, clean transition",https://www.tradingview.com/chart/?symbol=ARPAUSDT,,2026-09-05,1,fresh,,,
ASMLB,ASMLBUSDT,Unknown,,No,,,,No,0,D Ignore,,Not enough candles: 33 — not eligible for AI research,https://www.tradingview.com/chart/?symbol=BINANCE:ASMLBUSDT,,2026-09-05,1,fresh,,,
ASR,ASRUSDT,Blue,170,No,,,,No,0,D Ignore,1357,"Two-color confirmation did not come immediately after Gray — small-cap potential, small-cap high risk, clean transition",https://www.tradingview.com/chart/?symbol=ASRUSDT,,2026-09-05,1,fresh,,,
ASTER,ASTERUSDT,Gold,11,No,,,,No,0,D Ignore,44,"Two-color confirmation did not come immediately after Gray — large-cap stability, top market cap, clean transition, high volume",https://www.tradingview.com/chart/?symbol=ASTERUSDT,,2026-09-05,1,fresh,,,
ASTR,ASTRUSDT,Gray,8,No,,,,No,0,D Ignore,440,"Latest two closed candles are not same Gold/Blue color — small-cap potential, small-cap high risk, clean transition",https://www.tradingview.com/chart/?symbol=ASTRUSDT,,2026-09-05,1,fresh,,,
ASTSB,ASTSBUSDT,Unknown,,No,,,,No,0,D Ignore,,Not enough candles: 33 — not eligible for AI research,https://www.tradingview.com/chart/?symbol=BINANCE:ASTSBUSDT,,2026-09-05,1,fresh,,,
AT,ATUSDT,Blue,7,No,,,,No,0,D Ignore,601,"Two-color confirmation did not come immediately after Gray — small-cap potential, small-cap high risk, clean transition",https://www.tradingview.com/chart/?symbol=ATUSDT,,2026-09-05,1,fresh,,,
ATM,ATMUSDT,Blue,17,No,,,,No,0,D Ignore,1185,"Two-color confirmation did not come immediately after Gray — small-cap potential, small-cap high risk, clean transition",https://www.tradingview.com/chart/?symbol=ATMUSDT,,2026-09-05,1,fresh,,,
ATOM,ATOMUSDT,Gray,0,No,ATOMBTC,Blue,60,No,0,D Ignore,81,"Latest two closed candles are not same Gold/Blue color — large-cap stability, top market cap, fresh signal, clean transition",https://www.tradingview.com/chart/?symbol=ATOMUSDT,https://www.tradingview.com/chart/?symbol=ATOMBTC,2026-09-05,1,fresh,2026-09-05,1,fresh
AUCTION,AUCTIONUSDT,Gray,5,No,,,,No,0,D Ignore,724,"Latest two closed candles are not same Gold/Blue color — small-cap potential, small-cap high risk, clean transition",https://www.tradingview.com/chart/?symbol=AUCTIONUSDT,,2026-09-05,1,fresh,,,
AUDIO,AUDIOUSDT,Blue,101,No,,,,No,0,D Ignore,859,"Two-color confirmation did not come immediately after Gray — small-cap potential, small-cap high risk, clean transition",https://www.tradingview.com/chart/?symbol=AUDIOUSDT,,2026-09-05,1,fresh,,,
AVA,AVAUSDT,Gold,10,No,,,,No,0,D Ignore,1074,"Two-color confirmation did not come immediately after Gray — small-cap potential, small-cap high risk, clean transition",https://www.tradingview.com/chart/?symbol=AVAUSDT,,2026-09-05,1,fresh,,,
AVAX,AVAXUSDT,Gold,0,No,AVAXBTC,Blue,161,No,0,D Ignore,29,"Latest two closed candles are not same Gold/Blue color — large-cap stability, top market cap, fresh signal, clean transition",https://www.tradingview.com/chart/?symbol=AVAXUSDT,https://www.tradingview.com/chart/?symbol=AVAXBTC,2026-09-05,1,fresh,2026-09-05,1,fresh
AVGOB,AVGOBUSDT,Unknown,,No,,,,No,0,D Ignore,1715,Not enough candles: 54 — not eligible for AI research,https://www.tradingview.com/chart/?symbol=BINANCE:AVGOBUSDT,,2026-09-05,1,fresh,,,
AVNT,AVNTUSDT,Gray,12,No,,,,No,0,D Ignore,574,"Latest two closed candles are not same Gold/Blue color — small-cap potential, small-cap high risk, clean transition",https://www.tradingview.com/chart/?symbol=AVNTUSDT,,2026-09-05,1,fresh,,,
AWE,AWEUSDT,Gold,28,No,,,,No,0,D Ignore,242,Two-color confirmation did not come immediately after Gray — clean transition,https://www.tradingview.com/chart/?symbol=AWEUSDT,,2026-09-05,1,fresh,,,
AXL,AXLUSDT,Gray,6,No,,,,No,0,D Ignore,428,"Latest two closed candles are not same Gold/Blue color — small-cap potential, small-cap high risk, clean transition",https://www.tradingview.com/chart/?symbol=AXLUSDT,,2026-09-05,1,fresh,,,
AXS,AXSUSDT,Blue,100,No,,,,No,0,D Ignore,196,Two-color confirmation did not come immediately after Gray — clean transition,https://www.tradingview.com/chart/?symbol=AXSUSDT,,2026-09-05,1,fresh,,,
AXTIB,AXTIBUSDT,Unknown,,No,,,,No,0,D Ignore,1836,Not enough candles: 47 — not eligible for AI research,https://www.tradingview.com/chart/?symbol=BINANCE:AXTIBUSDT,,2026-09-05,1,fresh,,,
BABAB,BABABUSDT,Unknown,,No,,,,No,0,D Ignore,1851,Not enough candles: 54 — not eligible for AI research,https://www.tradingview.com/chart/?symbol=BINANCE:BABABUSDT,,2026-09-05,1,fresh,,,
BABY,BABYUSDT,Blue,74,No,,,,No,0,D Ignore,438,"Two-color confirmation did not come immediately after Gray — small-cap potential, small-cap high risk, clean transition",https://www.tradingview.com/chart/?symbol=BABYUSDT,,2026-09-05,1,fresh,,,
BANANA,BANANAUSDT,Gold,39,No,,,,No,0,D Ignore,941,"Two-color confirmation did not come immediately after Gray — small-cap potential, small-cap high risk, clean transition",https://www.tradingview.com/chart/?symbol=BANANAUSDT,,2026-09-05,1,fresh,,,
BANANAS31,BANANAS31USDT,Gray,20,No,,,,No,0,D Ignore,311,"Latest two closed candles are not same Gold/Blue color — small-cap potential, small-cap high risk, clean transition",https://www.tradingview.com/chart/?symbol=BANANAS31USDT,,2026-09-05,1,fresh,,,
BAND,BANDUSDT,Gold,3,No,,,,No,0,D Ignore,597,"Two-color confirmation did not come immediately after Gray — small-cap potential, small-cap high risk, clean transition",https://www.tradingview.com/chart/?symbol=BANDUSDT,,2026-09-05,1,fresh,,,
BANK,BANKUSDT,Blue,16,No,,,,No,0,D Ignore,996,"Two-color confirmation did not come immediately after Gray — small-cap potential, small-cap high risk, clean transition",https://www.tradingview.com/chart/?symbol=BANKUSDT,,2026-09-05,1,fresh,,,
BAR,BARUSDT,Blue,136,No,,,,No,0,D Ignore,1386,"Two-color confirmation did not come immediately after Gray — small-cap potential, small-cap high risk, clean transition",https://www.tradingview.com/chart/?symbol=BARUSDT,,2026-09-05,1,fresh,,,
BARD,BARDUSDT,Blue,170,No,,,,No,0,D Ignore,492,"Two-color confirmation did not come immediately after Gray — small-cap potential, small-cap high risk, clean transition",https://www.tradingview.com/chart/?symbol=BARDUSDT,,2026-09-05,1,fresh,,,
BAT,BATUSDT,Blue,92,No,,,,No,0,D Ignore,260,Two-color confirmation did not come immediately after Gray — clean transition,https://www.tradingview.com/chart/?symbol=BATUSDT,,2026-09-05,1,fresh,,,
BB,BBUSDT,Blue,92,No,,,,No,0,D Ignore,,Two-color confirmation did not come immediately after Gray — clean transition,https://www.tradingview.com/chart/?symbol=BBUSDT,,2026-09-05,1,fresh,,,
BCH,BCHUSDT,Gray,14,No,BCHBTC,Blue,170,No,0,D Ignore,20,"Latest two closed candles are not same Gold/Blue color — large-cap stability, top market cap, clean transition",https://www.tradingview.com/chart/?symbol=BCHUSDT,https://www.tradingview.com/chart/?symbol=BCHBTC,2026-09-05,1,fresh,2026-09-05,1,fresh
BEAMX,BEAMXUSDT,Gray,9,No,,,,No,0,D Ignore,,Latest two closed candles are not same Gold/Blue color — clean transition,https://www.tradingview.com/chart/?symbol=BEAMXUSDT,,2026-09-05,1,fresh,,,
BEB,BEBUSDT,Unknown,,No,,,,No,0,D Ignore,,Not enough candles: 40 — not eligible for AI research,https://www.tradingview.com/chart/?symbol=BINANCE:BEBUSDT,,2026-09-05,1,fresh,,,
BEL,BELUSDT,Gold,14,No,,,,No,0,D Ignore,1234,"Two-color confirmation did not come immediately after Gray — small-cap potential, small-cap high risk, clean transition",https://www.tradingview.com/chart/?symbol=BELUSDT,,2026-09-05,1,fresh,,,
BERA,BERAUSDT,Blue,167,No,,,,No,0,D Ignore,396,"Two-color confirmation did not come immediately after Gray — small-cap potential, small-cap high risk, clean transition",https://www.tradingview.com/chart/?symbol=BERAUSDT,,2026-09-05,1,fresh,,,
BICO,BICOUSDT,Gold,29,No,,,,No,0,D Ignore,788,"Two-color confirmation did not come immediately after Gray — small-cap potential, small-cap high risk, clean transition",https://www.tradingview.com/chart/?symbol=BICOUSDT,,2026-09-05,1,fresh,,,
BIGTIME,BIGTIMEUSDT,Blue,110,No,,,,No,0,D Ignore,853,"Two-color confirmation did not come immediately after Gray — small-cap potential, small-cap high risk, clean transition",https://www.tradingview.com/chart/?symbol=BIGTIMEUSDT,,2026-09-05,1,fresh,,,
BIO,BIOUSDT,Gray,12,No,,,,No,0,D Ignore,406,"Latest two closed candles are not same Gold/Blue color — small-cap potential, small-cap high risk, clean transition",https://www.tradingview.com/chart/?symbol=BIOUSDT,,2026-09-05,1,fresh,,,
BLUR,BLURUSDT,Gray,4,No,,,,No,0,D Ignore,466,"Latest two closed candles are not same Gold/Blue color — small-cap potential, small-cap high risk, clean transition",https://www.tradingview.com/chart/?symbol=BLURUSDT,,2026-09-05,1,fresh,,,
BMNRB,BMNRBUSDT,Unknown,,No,,,,No,0,D Ignore,1632,Not enough candles: 33 — not eligible for AI research,https://www.tradingview.com/chart/?symbol=BINANCE:BMNRBUSDT,,2026-09-05,1,fresh,,,
BMT,BMTUSDT,Gold,27,No,,,,No,0,D Ignore,1072,"Two-color confirmation did not come immediately after Gray — small-cap potential, small-cap high risk, clean transition",https://www.tradingview.com/chart/?symbol=BMTUSDT,,2026-09-05,1,fresh,,,
BNB,BNBUSDT,Gold,17,No,BNBBTC,Gray,0,No,0,D Ignore,4,"Two-color confirmation did not come immediately after Gray — large-cap stability, top market cap, clean transition, high volume",https://www.tradingview.com/chart/?symbol=BNBUSDT,https://www.tradingview.com/chart/?symbol=BNBBTC,2026-09-05,1,fresh,2026-09-05,1,fresh
BNSOL,BNSOLUSDT,Gold,16,No,,,,No,0,D Ignore,,Two-color confirmation did not come immediately after Gray — clean transition,https://www.tradingview.com/chart/?symbol=BNSOLUSDT,,2026-09-05,1,fresh,,,
BNT,BNTUSDT,Gold,13,No,,,,No,0,D Ignore,629,"Two-color confirmation did not come immediately after Gray — small-cap potential, small-cap high risk, clean transition",https://www.tradingview.com/chart/?symbol=BNTUSDT,,2026-09-05,1,fresh,,,
BOME,BOMEUSDT,Gold,37,No,,,,No,0,D Ignore,372,"Two-color confirmation did not come immediately after Gray — small-cap potential, small-cap high risk, clean transition",https://www.tradingview.com/chart/?symbol=BOMEUSDT,,2026-09-05,1,fresh,,,
BONK,BONKUSDT,Blue,99,No,,,,No,0,D Ignore,142,Two-color confirmation did not come immediately after Gray — clean transition,https://www.tradingview.com/chart/?symbol=BONKUSDT,,2026-09-05,1,fresh,,,
BREV,BREVUSDT,Gray,0,No,,,,No,0,D Ignore,839,"Latest two closed candles are not same Gold/Blue color — small-cap potential, small-cap high risk, fresh signal, clean transition",https://www.tradingview.com/chart/?symbol=BREVUSDT,,2026-09-05,1,fresh,,,
BROCCOLI714,BROCCOLI714USDT,Gold,28,No,,,,No,0,D Ignore,,Two-color confirmation did not come immediately after Gray — clean transition,https://www.tradingview.com/chart/?symbol=BROCCOLI714USDT,,2026-09-05,1,fresh,,,
BTC,BTCUSDT,Gold,14,No,,,,No,0,D Ignore,1,"Two-color confirmation did not come immediately after Gray — large-cap stability, top market cap, clean transition, high volume",https://www.tradingview.com/chart/?symbol=BTCUSDT,,2026-09-05,1,fresh,,,
BTTC,BTTCUSDT,Gold,5,No,,,,No,0,D Ignore,,Two-color confirmation did not come immediately after Gray — clean transition,https://www.tradingview.com/chart/?symbol=BTTCUSDT,,2026-09-05,1,fresh,,,
C,CUSDT,Blue,60,No,,,,No,0,D Ignore,1232,"Two-color confirmation did not come immediately after Gray — small-cap potential, small-cap high risk, clean transition",https://www.tradingview.com/chart/?symbol=CUSDT,,2026-09-05,1,fresh,,,
C98,C98USDT,Gray,21,No,,,,No,0,D Ignore,994,"Latest two closed candles are not same Gold/Blue color — small-cap potential, small-cap high risk, clean transition",https://www.tradingview.com/chart/?symbol=C98USDT,,2026-09-05,1,fresh,,,
CAKE,CAKEUSDT,Gold,35,No,CAKEBTC,Gold,87,No,0,D Ignore,89,"Two-color confirmation did not come immediately after Gray — large-cap stability, top market cap, clean transition",https://www.tradingview.com/chart/?symbol=CAKEUSDT,https://www.tradingview.com/chart/?symbol=CAKEBTC,2026-09-05,1,fresh,2026-09-05,1,fresh
CATI,CATIUSDT,Gold,8,No,,,,No,0,D Ignore,607,"Two-color confirmation did not come immediately after Gray — small-cap potential, small-cap high risk, clean transition",https://www.tradingview.com/chart/?symbol=CATIUSDT,,2026-09-05,1,fresh,,,
CBRSB,CBRSBUSDT,Unknown,,No,,,,No,0,D Ignore,,Not enough candles: 62 — not eligible for AI research,https://www.tradingview.com/chart/?symbol=BINANCE:CBRSBUSDT,,2026-09-05,1,fresh,,,
CELO,CELOUSDT,Gold,6,No,,,,No,0,D Ignore,469,"Two-color confirmation did not come immediately after Gray — small-cap potential, small-cap high risk, clean transition",https://www.tradingview.com/chart/?symbol=CELOUSDT,,2026-09-05,1,fresh,,,
CELR,CELRUSDT,Gold,9,No,,,,No,0,D Ignore,896,"Two-color confirmation did not come immediately after Gray — small-cap potential, small-cap high risk, clean transition",https://www.tradingview.com/chart/?symbol=CELRUSDT,,2026-09-05,1,fresh,,,
CETUS,CETUSUSDT,Gold,15,No,,,,No,0,D Ignore,784,"Two-color confirmation did not come immediately after Gray — small-cap potential, small-cap high risk, clean transition",https://www.tradingview.com/chart/?symbol=CETUSUSDT,,2026-09-05,1,fresh,,,
CFG,CFGUSDT,Blue,70,No,,,,No,0,D Ignore,555,"Two-color confirmation did not come immediately after Gray — small-cap potential, small-cap high risk, clean transition",https://www.tradingview.com/chart/?symbol=CFGUSDT,,2026-09-05,1,fresh,,,
CFX,CFXUSDT,Gray,13,No,,,,No,0,D Ignore,150,Latest two closed candles are not same Gold/Blue color — clean transition,https://www.tradingview.com/chart/?symbol=CFXUSDT,,2026-09-05,1,fresh,,,
CGPT,CGPTUSDT,Gray,22,No,,,,No,0,D Ignore,827,"Latest two closed candles are not same Gold/Blue color — small-cap potential, small-cap high risk, clean transition",https://www.tradingview.com/chart/?symbol=CGPTUSDT,,2026-09-05,1,fresh,,,
CHIP,CHIPUSDT,Gold,2,No,,,,No,0,D Ignore,244,Two-color confirmation did not come immediately after Gray — clean transition,https://www.tradingview.com/chart/?symbol=CHIPUSDT,,2026-09-05,1,fresh,,,
CHR,CHRUSDT,Gray,9,No,,,,No,0,D Ignore,979,"Latest two closed candles are not same Gold/Blue color — small-cap potential, small-cap high risk, clean transition",https://www.tradingview.com/chart/?symbol=CHRUSDT,,2026-09-05,1,fresh,,,
CHZ,CHZUSDT,Blue,97,No,,,,No,0,D Ignore,215,Two-color confirmation did not come immediately after Gray — clean transition,https://www.tradingview.com/chart/?symbol=CHZUSDT,,2026-09-05,1,fresh,,,
CITY,CITYUSDT,Blue,110,No,,,,No,0,D Ignore,1633,"Two-color confirmation did not come immediately after Gray — small-cap potential, small-cap high risk, clean transition",https://www.tradingview.com/chart/?symbol=CITYUSDT,,2026-09-05,1,fresh,,,
CKB,CKBUSDT,Gray,10,No,,,,No,0,D Ignore,427,"Latest two closed candles are not same Gold/Blue color — small-cap potential, small-cap high risk, clean transition",https://www.tradingview.com/chart/?symbol=CKBUSDT,,2026-09-05,1,fresh,,,
COHRB,COHRBUSDT,Unknown,,No,,,,No,0,D Ignore,,Not enough candles: 33 — not eligible for AI research,https://www.tradingview.com/chart/?symbol=BINANCE:COHRBUSDT,,2026-09-05,1,fresh,,,
COINB,COINBUSDT,Unknown,,No,,,,No,0,D Ignore,938,Not enough candles: 62 — not eligible for AI research,https://www.tradingview.com/chart/?symbol=BINANCE:COINBUSDT,,2026-09-05,1,fresh,,,
COMP,COMPUSDT,Gold,11,No,,,,No,0,D Ignore,177,Two-color confirmation did not come immediately after Gray — clean transition,https://www.tradingview.com/chart/?symbol=COMPUSDT,,2026-09-05,1,fresh,,,
COOKIE,COOKIEUSDT,Gold,8,No,,,,No,0,D Ignore,1249,"Two-color confirmation did not come immediately after Gray — small-cap potential, small-cap high risk, clean transition",https://www.tradingview.com/chart/?symbol=COOKIEUSDT,,2026-09-05,1,fresh,,,
COTI,COTIUSDT,Gold,33,No,,,,No,0,D Ignore,463,"Two-color confirmation did not come immediately after Gray — small-cap potential, small-cap high risk, clean transition",https://www.tradingview.com/chart/?symbol=COTIUSDT,,2026-09-05,1,fresh,,,
COW,COWUSDT,Blue,164,No,,,,No,0,D Ignore,331,"Two-color confirmation did not come immediately after Gray — small-cap potential, small-cap high risk, clean transition",https://www.tradingview.com/chart/?symbol=COWUSDT,,2026-09-05,1,fresh,,,
CRCLB,CRCLBUSDT,Unknown,,No,,,,No,0,D Ignore,273,Not enough candles: 88 — not eligible for AI research,https://www.tradingview.com/chart/?symbol=BINANCE:CRCLBUSDT,,2026-09-05,1,fresh,,,
CRDOB,CRDOBUSDT,Unknown,,No,,,,No,0,D Ignore,,Not enough candles: 33 — not eligible for AI research,https://www.tradingview.com/chart/?symbol=BINANCE:CRDOBUSDT,,2026-09-05,1,fresh,,,
CRV,CRVUSDT,Gold,26,No,,,,No,0,D Ignore,97,"Two-color confirmation did not come immediately after Gray — large-cap stability, top market cap, clean transition",https://www.tradingview.com/chart/?symbol=CRVUSDT,,2026-09-05,1,fresh,,,
CRWDB,CRWDBUSDT,Unknown,,No,,,,No,0,D Ignore,,Not enough candles: 5 — not eligible for AI research,https://www.tradingview.com/chart/?symbol=BINANCE:CRWDBUSDT,,2026-09-05,1,fresh,,,
CRWVB,CRWVBUSDT,Unknown,,No,,,,No,0,D Ignore,,Not enough candles: 47 — not eligible for AI research,https://www.tradingview.com/chart/?symbol=BINANCE:CRWVBUSDT,,2026-09-05,1,fresh,,,
CTK,CTKUSDT,Gray,13,No,,,,No,0,D Ignore,863,"Latest two closed candles are not same Gold/Blue color — small-cap potential, small-cap high risk, clean transition",https://www.tradingview.com/chart/?symbol=CTKUSDT,,2026-09-05,1,fresh,,,
CTSI,CTSIUSDT,Gold,11,No,,,,No,0,D Ignore,745,"Two-color confirmation did not come immediately after Gray — small-cap potential, small-cap high risk, clean transition",https://www.tradingview.com/chart/?symbol=CTSIUSDT,,2026-09-05,1,fresh,,,
CVC,CVCUSDT,Gray,2,No,,,,No,0,D Ignore,808,"Latest two closed candles are not same Gold/Blue color — small-cap potential, small-cap high risk, clean transition",https://www.tradingview.com/chart/?symbol=CVCUSDT,,2026-09-05,1,fresh,,,
CVX,CVXUSDT,Gold,25,No,,,,No,0,D Ignore,170,Two-color confirmation did not come immediately after Gray — clean transition,https://www.tradingview.com/chart/?symbol=CVXUSDT,,2026-09-05,1,fresh,,,
CYBER,CYBERUSDT,Blue,110,No,,,,No,0,D Ignore,868,"Two-color confirmation did not come immediately after Gray — small-cap potential, small-cap high risk, clean transition",https://www.tradingview.com/chart/?symbol=CYBERUSDT,,2026-09-05,1,fresh,,,
DASH,DASHUSDT,Gold,8,No,DASHBTC,Gold,2,No,0,D Ignore,78,"Two-color confirmation did not come immediately after Gray — large-cap stability, top market cap, clean transition, high volume",https://www.tradingview.com/chart/?symbol=DASHUSDT,https://www.tradingview.com/chart/?symbol=DASHBTC,2026-09-05,1,fresh,2026-09-05,1,fresh
DELLB,DELLBUSDT,Unknown,,No,,,,No,0,D Ignore,,Not enough candles: 40 — not eligible for AI research,https://www.tradingview.com/chart/?symbol=BINANCE:DELLBUSDT,,2026-09-05,1,fresh,,,
DEXE,DEXEUSDT,Blue,38,No,,,,No,0,D Ignore,362,"Two-color confirmation did not come immediately after Gray — small-cap potential, small-cap high risk, clean transition",https://www.tradingview.com/chart/?symbol=DEXEUSDT,,2026-09-05,1,fresh,,,
DGB,DGBUSDT,Gold,39,No,,,,No,0,D Ignore,294,Two-color confirmation did not come immediately after Gray — clean transition,https://www.tradingview.com/chart/?symbol=DGBUSDT,,2026-09-05,1,fresh,,,
DIA,DIAUSDT,Gold,7,No,,,,No,0,D Ignore,934,"Two-color confirmation did not come immediately after Gray — small-cap potential, small-cap high risk, clean transition",https://www.tradingview.com/chart/?symbol=DIAUSDT,,2026-09-05,1,fresh,,,
DJTB,DJTBUSDT,Unknown,,No,,,,No,0,D Ignore,,Not enough candles: 12 — not eligible for AI research,https://www.tradingview.com/chart/?symbol=BINANCE:DJTBUSDT,,2026-09-05,1,fresh,,,
DODO,DODOUSDT,Gray,4,No,,,,No,0,D Ignore,903,"Latest two closed candles are not same Gold/Blue color — small-cap potential, small-cap high risk, clean transition",https://www.tradingview.com/chart/?symbol=DODOUSDT,,2026-09-05,1,fresh,,,
DOGE,DOGEUSDT,Gold,2,No,DOGEBTC,Blue,77,No,0,D Ignore,11,"Two-color confirmation did not come immediately after Gray — large-cap stability, top market cap, clean transition, high volume",https://www.tradingview.com/chart/?symbol=DOGEUSDT,https://www.tradingview.com/chart/?symbol=DOGEBTC,2026-09-05,1,fresh,2026-09-05,1,fresh
DOLO,DOLOUSDT,Gold,0,No,,,,No,0,D Ignore,1040,"Latest two closed candles are not same Gold/Blue color — small-cap potential, small-cap high risk, fresh signal, clean transition",https://www.tradingview.com/chart/?symbol=DOLOUSDT,,2026-09-05,1,fresh,,,
DOT,DOTUSDT,Gray,4,No,DOTBTC,Blue,168,No,0,D Ignore,54,"Latest two closed candles are not same Gold/Blue color — large-cap stability, top market cap, clean transition",https://www.tradingview.com/chart/?symbol=DOTUSDT,https://www.tradingview.com/chart/?symbol=DOTBTC,2026-09-05,1,fresh,2026-09-05,1,fresh
DRAMB,DRAMBUSDT,Unknown,,No,,,,No,0,D Ignore,865,Not enough candles: 62 — not eligible for AI research,https://www.tradingview.com/chart/?symbol=BINANCE:DRAMBUSDT,,2026-09-05,1,fresh,,,
DUSK,DUSKUSDT,Gray,0,No,,,,No,0,D Ignore,479,"Latest two closed candles are not same Gold/Blue color — small-cap potential, small-cap high risk, fresh signal, clean transition",https://www.tradingview.com/chart/?symbol=DUSKUSDT,,2026-09-05,1,fresh,,,
DYDX,DYDXUSDT,Blue,54,No,,,,No,0,D Ignore,272,Two-color confirmation did not come immediately after Gray — clean transition,https://www.tradingview.com/chart/?symbol=DYDXUSDT,,2026-09-05,1,fresh,,,
DYM,DYMUSDT,Blue,98,No,,,,No,0,D Ignore,1227,"Two-color confirmation did not come immediately after Gray — small-cap potential, small-cap high risk, clean transition",https://www.tradingview.com/chart/?symbol=DYMUSDT,,2026-09-05,1,fresh,,,
EDEN,EDENUSDT,Gold,20,No,,,,No,0,D Ignore,757,"Two-color confirmation did not come immediately after Gray — small-cap potential, small-cap high risk, clean transition",https://www.tradingview.com/chart/?symbol=EDENUSDT,,2026-09-05,1,fresh,,,
EDU,EDUUSDT,Gold,12,No,,,,No,0,D Ignore,488,"Two-color confirmation did not come immediately after Gray — small-cap potential, small-cap high risk, clean transition",https://www.tradingview.com/chart/?symbol=EDUUSDT,,2026-09-05,1,fresh,,,
EGLD,EGLDUSDT,Gold,7,No,,,,No,0,D Ignore,220,Two-color confirmation did not come immediately after Gray — clean transition,https://www.tradingview.com/chart/?symbol=EGLDUSDT,,2026-09-05,1,fresh,,,
EIGEN,EIGENUSDT,Blue,34,No,,,,No,0,D Ignore,181,Two-color confirmation did not come immediately after Gray — clean transition,https://www.tradingview.com/chart/?symbol=EIGENUSDT,,2026-09-05,1,fresh,,,
ENA,ENAUSDT,Gold,16,No,,,,No,0,D Ignore,50,"Two-color confirmation did not come immediately after Gray — large-cap stability, top market cap, clean transition, high volume",https://www.tradingview.com/chart/?symbol=ENAUSDT,,2026-09-05,1,fresh,,,
ENJ,ENJUSDT,Blue,88,No,,,,No,0,D Ignore,426,"Two-color confirmation did not come immediately after Gray — small-cap potential, small-cap high risk, clean transition",https://www.tradingview.com/chart/?symbol=ENJUSDT,,2026-09-05,1,fresh,,,
ENS,ENSUSDT,Gold,9,No,,,,No,0,D Ignore,148,Two-color confirmation did not come immediately after Gray — clean transition,https://www.tradingview.com/chart/?symbol=ENSUSDT,,2026-09-05,1,fresh,,,
ENSO,ENSOUSDT,Gold,34,No,,,,No,0,D Ignore,879,"Two-color confirmation did not come immediately after Gray — small-cap potential, small-cap high risk, clean transition",https://www.tradingview.com/chart/?symbol=ENSOUSDT,,2026-09-05,1,fresh,,,
EPIC,EPICUSDT,Blue,11,No,,,,No,0,D Ignore,1052,"Two-color confirmation did not come immediately after Gray — small-cap potential, small-cap high risk, clean transition",https://www.tradingview.com/chart/?symbol=EPICUSDT,,2026-09-05,1,fresh,,,
ERA,ERAUSDT,Blue,110,No,,,,No,0,D Ignore,1192,"Two-color confirmation did not come immediately after Gray — small-cap potential, small-cap high risk, clean transition",https://www.tradingview.com/chart/?symbol=ERAUSDT,,2026-09-05,1,fresh,,,
ESP,ESPUSDT,Gold,23,No,,,,No,0,D Ignore,403,"Two-color confirmation did not come immediately after Gray — small-cap potential, small-cap high risk, clean transition",https://www.tradingview.com/chart/?symbol=ESPUSDT,,2026-09-05,1,fresh,,,
ETC,ETCUSDT,Gold,0,No,ETCBTC,Blue,60,No,0,D Ignore,68,"Latest two closed candles are not same Gold/Blue color — large-cap stability, top market cap, fresh signal, clean transition",https://www.tradingview.com/chart/?symbol=ETCUSDT,https://www.tradingview.com/chart/?symbol=ETCBTC,2026-09-05,1,fresh,2026-09-05,1,fresh
ETH,ETHUSDT,Gold,18,No,ETHBTC,Gold,47,No,0,D Ignore,2,"Two-color confirmation did not come immediately after Gray — large-cap stability, top market cap, clean transition, high volume",https://www.tradingview.com/chart/?symbol=ETHUSDT,https://www.tradingview.com/chart/?symbol=ETHBTC,2026-09-05,1,fresh,2026-09-05,1,fresh
ETHFI,ETHFIUSDT,Gold,24,No,,,,No,0,D Ignore,99,"Two-color confirmation did not come immediately after Gray — large-cap stability, top market cap, clean transition",https://www.tradingview.com/chart/?symbol=ETHFIUSDT,,2026-09-05,1,fresh,,,
EUL,EULUSDT,Gold,42,No,,,,No,0,D Ignore,638,"Two-color confirmation did not come immediately after Gray — small-cap potential, small-cap high risk, clean transition",https://www.tradingview.com/chart/?symbol=EULUSDT,,2026-09-05,1,fresh,,,
EURI,EURIUSDT,Gold,20,No,,,,No,0,D Ignore,560,"Two-color confirmation did not come immediately after Gray — small-cap potential, small-cap high risk, clean transition",https://www.tradingview.com/chart/?symbol=EURIUSDT,,2026-09-05,1,fresh,,,
EWYB,EWYBUSDT,Unknown,,No,,,,No,0,D Ignore,,Not enough candles: 76 — not eligible for AI research,https://www.tradingview.com/chart/?symbol=BINANCE:EWYBUSDT,,2026-09-05,1,fresh,,,
F,FUSDT,Gray,0,No,,,,No,0,D Ignore,943,"Latest two closed candles are not same Gold/Blue color — small-cap potential, small-cap high risk, fresh signal, clean transition",https://www.tradingview.com/chart/?symbol=FUSDT,,2026-09-05,1,fresh,,,
FET,FETUSDT,Gray,0,No,FETBTC,Blue,60,No,0,D Ignore,118,"Latest two closed candles are not same Gold/Blue color — fresh signal, clean transition",https://www.tradingview.com/chart/?symbol=FETUSDT,https://www.tradingview.com/chart/?symbol=FETBTC,2026-09-05,1,fresh,2026-09-05,1,fresh
FF,FFUSDT,Gold,11,No,,,,No,0,D Ignore,121,Two-color confirmation did not come immediately after Gray — clean transition,https://www.tradingview.com/chart/?symbol=FFUSDT,,2026-09-05,1,fresh,,,
FIDA,FIDAUSDT,Blue,45,No,,,,No,0,D Ignore,854,"Two-color confirmation did not come immediately after Gray — small-cap potential, small-cap high risk, clean transition",https://www.tradingview.com/chart/?symbol=FIDAUSDT,,2026-09-05,1,fresh,,,
FIL,FILUSDT,Gray,1,No,FILBTC,Blue,89,No,0,D Ignore,92,"Latest two closed candles are not same Gold/Blue color — large-cap stability, top market cap, fresh signal, clean transition",https://www.tradingview.com/chart/?symbol=FILUSDT,https://www.tradingview.com/chart/?symbol=FILBTC,2026-09-05,1,fresh,2026-09-05,1,fresh
FLNCB,FLNCBUSDT,Unknown,,No,,,,No,0,D Ignore,,Not enough candles: 40 — not eligible for AI research,https://www.tradingview.com/chart/?symbol=BINANCE:FLNCBUSDT,,2026-09-05,1,fresh,,,
FLOW,FLOWUSDT,Blue,3,No,,,,No,0,D Ignore,468,"Two-color confirmation did not come immediately after Gray — small-cap potential, small-cap high risk, clean transition",https://www.tradingview.com/chart/?symbol=FLOWUSDT,,2026-09-05,1,fresh,,,
FLUX,FLUXUSDT,Gray,8,No,,,,No,0,D Ignore,807,"Latest two closed candles are not same Gold/Blue color — small-cap potential, small-cap high risk, clean transition",https://www.tradingview.com/chart/?symbol=FLUXUSDT,,2026-09-05,1,fresh,,,
FOGO,FOGOUSDT,Blue,113,No,,,,No,0,D Ignore,719,"Two-color confirmation did not come immediately after Gray — small-cap potential, small-cap high risk, clean transition",https://www.tradingview.com/chart/?symbol=FOGOUSDT,,2026-09-05,1,fresh,,,
FORM,FORMUSDT,Gold,13,No,,,,No,0,D Ignore,263,Two-color confirmation did not come immediately after Gray — clean transition,https://www.tradingview.com/chart/?symbol=FORMUSDT,,2026-09-05,1,fresh,,,
FRAX,FRAXUSDT,Gray,27,No,,,,No,0,D Ignore,171,Latest two closed candles are not same Gold/Blue color — clean transition,https://www.tradingview.com/chart/?symbol=FRAXUSDT,,2026-09-05,1,fresh,,,
FTT,FTTUSDT,Gray,8,No,,,,No,0,D Ignore,,Latest two closed candles are not same Gold/Blue color — clean transition,https://www.tradingview.com/chart/?symbol=FTTUSDT,,2026-09-05,1,fresh,,,
G,GUSDT,Gold,33,No,,,,No,0,D Ignore,685,"Two-color confirmation did not come immediately after Gray — small-cap potential, small-cap high risk, clean transition",https://www.tradingview.com/chart/?symbol=GUSDT,,2026-09-05,1,fresh,,,
GALA,GALAUSDT,Blue,100,No,,,,No,0,D Ignore,289,Two-color confirmation did not come immediately after Gray — clean transition,https://www.tradingview.com/chart/?symbol=GALAUSDT,,2026-09-05,1,fresh,,,
GAS,GASUSDT,Gold,3,No,,,,No,0,D Ignore,322,"Two-color confirmation did not come immediately after Gray — small-cap potential, small-cap high risk, clean transition",https://www.tradingview.com/chart/?symbol=GASUSDT,,2026-09-05,1,fresh,,,
GENIUS,GENIUSUSDT,Unknown,,No,,,,No,0,D Ignore,274,Not enough candles: 108 — not eligible for AI research,https://www.tradingview.com/chart/?symbol=BINANCE:GENIUSUSDT,,2026-09-05,1,fresh,,,
GIGGLE,GIGGLEUSDT,Gold,35,No,,,,No,0,D Ignore,538,"Two-color confirmation did not come immediately after Gray — small-cap potential, small-cap high risk, clean transition",https://www.tradingview.com/chart/?symbol=GIGGLEUSDT,,2026-09-05,1,fresh,,,
GLM,GLMUSDT,Gray,10,No,,,,No,0,D Ignore,257,Latest two closed candles are not same Gold/Blue color — clean transition,https://www.tradingview.com/chart/?symbol=GLMUSDT,,2026-09-05,1,fresh,,,
GLMR,GLMRUSDT,Blue,95,No,,,,No,0,D Ignore,1409,"Two-color confirmation did not come immediately after Gray — small-cap potential, small-cap high risk, clean transition",https://www.tradingview.com/chart/?symbol=GLMRUSDT,,2026-09-05,1,fresh,,,
GLWB,GLWBUSDT,Unknown,,No,,,,No,0,D Ignore,,Not enough candles: 62 — not eligible for AI research,https://www.tradingview.com/chart/?symbol=BINANCE:GLWBUSDT,,2026-09-05,1,fresh,,,
GMEB,GMEBUSDT,Unknown,,No,,,,No,0,D Ignore,1552,Not enough candles: 26 — not eligible for AI research,https://www.tradingview.com/chart/?symbol=BINANCE:GMEBUSDT,,2026-09-05,1,fresh,,,
GMT,GMTUSDT,Blue,99,No,,,,No,0,D Ignore,768,"Two-color confirmation did not come immediately after Gray — small-cap potential, small-cap high risk, clean transition",https://www.tradingview.com/chart/?symbol=GMTUSDT,,2026-09-05,1,fresh,,,
GMX,GMXUSDT,Gold,41,No,,,,No,0,D Ignore,315,"Two-color confirmation did not come immediately after Gray — small-cap potential, small-cap high risk, clean transition",https://www.tradingview.com/chart/?symbol=GMXUSDT,,2026-09-05,1,fresh,,,
GNO,GNOUSDT,Gold,15,No,,,,No,0,D Ignore,134,Two-color confirmation did not come immediately after Gray — clean transition,https://www.tradingview.com/chart/?symbol=GNOUSDT,,2026-09-05,1,fresh,,,
GNS,GNSUSDT,Blue,41,No,,,,No,0,D Ignore,1150,"Two-color confirmation did not come immediately after Gray — small-cap potential, small-cap high risk, clean transition",https://www.tradingview.com/chart/?symbol=GNSUSDT,,2026-09-05,1,fresh,,,
GOOGLB,GOOGLBUSDT,Unknown,,No,,,,No,0,D Ignore,706,Not enough candles: 62 — not eligible for AI research,https://www.tradingview.com/chart/?symbol=BINANCE:GOOGLBUSDT,,2026-09-05,1,fresh,,,
GPS,GPSUSDT,Gold,74,No,,,,No,0,D Ignore,399,"Two-color confirmation did not come immediately after Gray — small-cap potential, small-cap high risk, clean transition",https://www.tradingview.com/chart/?symbol=GPSUSDT,,2026-09-05,1,fresh,,,
GRAM,GRAMUSDT,Unknown,,No,,,,No,0,D Ignore,27,Not enough candles: 67 — not eligible for AI research,https://www.tradingview.com/chart/?symbol=BINANCE:GRAMUSDT,,2026-09-05,1,fresh,,,
GRT,GRTUSDT,Gray,1,No,,,,No,0,D Ignore,175,"Latest two closed candles are not same Gold/Blue color — fresh signal, clean transition",https://www.tradingview.com/chart/?symbol=GRTUSDT,,2026-09-05,1,fresh,,,
GSB,GSBUSDT,Unknown,,No,,,,No,0,D Ignore,,Not enough candles: 40 — not eligible for AI research,https://www.tradingview.com/chart/?symbol=BINANCE:GSBUSDT,,2026-09-05,1,fresh,,,
GTC,GTCUSDT,Gold,17,No,,,,No,0,D Ignore,1417,"Two-color confirmation did not come immediately after Gray — small-cap potential, small-cap high risk, clean transition",https://www.tradingview.com/chart/?symbol=GTCUSDT,,2026-09-05,1,fresh,,,
GUN,GUNUSDT,Blue,170,No,,,,No,0,D Ignore,1194,"Two-color confirmation did not come immediately after Gray — small-cap potential, small-cap high risk, clean transition",https://www.tradingview.com/chart/?symbol=GUNUSDT,,2026-09-05,1,fresh,,,
HAEDAL,HAEDALUSDT,Gray,14,No,,,,No,0,D Ignore,1870,"Latest two closed candles are not same Gold/Blue color — small-cap potential, small-cap high risk, clean transition",https://www.tradingview.com/chart/?symbol=HAEDALUSDT,,2026-09-05,1,fresh,,,
HBAR,HBARUSDT,Gray,13,No,HBARBTC,Blue,68,No,0,D Ignore,28,"Latest two closed candles are not same Gold/Blue color — large-cap stability, top market cap, clean transition",https://www.tradingview.com/chart/?symbol=HBARUSDT,https://www.tradingview.com/chart/?symbol=HBARBTC,2026-09-05,1,fresh,2026-09-05,1,fresh
HEI,HEIUSDT,Gold,32,No,,,,No,0,D Ignore,1153,"Two-color confirmation did not come immediately after Gray — small-cap potential, small-cap high risk, clean transition",https://www.tradingview.com/chart/?symbol=HEIUSDT,,2026-09-05,1,fresh,,,
HEMI,HEMIUSDT,Gold,17,No,,,,No,0,D Ignore,1154,"Two-color confirmation did not come immediately after Gray — small-cap potential, small-cap high risk, clean transition",https://www.tradingview.com/chart/?symbol=HEMIUSDT,,2026-09-05,1,fresh,,,
HIVE,HIVEUSDT,Blue,94,No,,,,No,0,D Ignore,728,"Two-color confirmation did not come immediately after Gray — small-cap potential, small-cap high risk, clean transition",https://www.tradingview.com/chart/?symbol=HIVEUSDT,,2026-09-05,1,fresh,,,
HMSTR,HMSTRUSDT,Blue,12,No,,,,No,0,D Ignore,1142,"Two-color confirmation did not come immediately after Gray — small-cap potential, small-cap high risk, clean transition",https://www.tradingview.com/chart/?symbol=HMSTRUSDT,,2026-09-05,1,fresh,,,
HOLO,HOLOUSDT,Blue,19,No,,,,No,0,D Ignore,450,"Two-color confirmation did not come immediately after Gray — small-cap potential, small-cap high risk, clean transition",https://www.tradingview.com/chart/?symbol=HOLOUSDT,,2026-09-05,1,fresh,,,
HOME,HOMEUSDT,Blue,65,No,,,,No,0,D Ignore,716,"Two-color confirmation did not come immediately after Gray — small-cap potential, small-cap high risk, clean transition",https://www.tradingview.com/chart/?symbol=HOMEUSDT,,2026-09-05,1,fresh,,,
HOODB,HOODBUSDT,Unknown,,No,,,,No,0,D Ignore,1566,Not enough candles: 54 — not eligible for AI research,https://www.tradingview.com/chart/?symbol=BINANCE:HOODBUSDT,,2026-09-05,1,fresh,,,
HOT,HOTUSDT,Gold,10,No,,,,No,0,D Ignore,373,"Two-color confirmation did not come immediately after Gray — small-cap potential, small-cap high risk, clean transition",https://www.tradingview.com/chart/?symbol=HOTUSDT,,2026-09-05,1,fresh,,,
HUMA,HUMAUSDT,Gray,2,No,,,,No,0,D Ignore,562,"Latest two closed candles are not same Gold/Blue color — small-cap potential, small-cap high risk, clean transition",https://www.tradingview.com/chart/?symbol=HUMAUSDT,,2026-09-05,1,fresh,,,
HYPER,HYPERUSDT,Blue,94,No,,,,No,0,D Ignore,767,"Two-color confirmation did not come immediately after Gray — small-cap potential, small-cap high risk, clean transition",https://www.tradingview.com/chart/?symbol=HYPERUSDT,,2026-09-05,1,fresh,,,
IBMB,IBMBUSDT,Unknown,,No,,,,No,0,D Ignore,,Not enough candles: 54 — not eligible for AI research,https://www.tradingview.com/chart/?symbol=BINANCE:IBMBUSDT,,2026-09-05,1,fresh,,,
ICP,ICPUSDT,Gold,6,No,ICPBTC,Blue,53,No,0,D Ignore,57,"Two-color confirmation did not come immediately after Gray — large-cap stability, top market cap, clean transition",https://www.tradingview.com/chart/?symbol=ICPUSDT,https://www.tradingview.com/chart/?symbol=ICPBTC,2026-09-05,1,fresh,2026-09-05,1,fresh
ID,IDUSDT,Gray,4,No,,,,No,0,D Ignore,467,"Latest two closed candles are not same Gold/Blue color — small-cap potential, small-cap high risk, clean transition",https://www.tradingview.com/chart/?symbol=IDUSDT,,2026-09-05,1,fresh,,,
ILV,ILVUSDT,Gray,13,No,,,,No,0,D Ignore,711,"Latest two closed candles are not same Gold/Blue color — small-cap potential, small-cap high risk, clean transition",https://www.tradingview.com/chart/?symbol=ILVUSDT,,2026-09-05,1,fresh,,,
IMX,IMXUSDT,Gray,3,No,,,,No,0,D Ignore,247,Latest two closed candles are not same Gold/Blue color — clean transition,https://www.tradingview.com/chart/?symbol=IMXUSDT,,2026-09-05,1,fresh,,,
INIT,INITUSDT,Gray,5,No,,,,No,0,D Ignore,1031,"Latest two closed candles are not same Gold/Blue color — small-cap potential, small-cap high risk, clean transition",https://www.tradingview.com/chart/?symbol=INITUSDT,,2026-09-05,1,fresh,,,
INJ,INJUSDT,Gold,11,No,INJBTC,Blue,19,No,0,D Ignore,108,Two-color confirmation did not come immediately after Gray — clean transition,https://www.tradingview.com/chart/?symbol=INJUSDT,https://www.tradingview.com/chart/?symbol=INJBTC,2026-09-05,1,fresh,2026-09-05,1,fresh
INTCB,INTCBUSDT,Unknown,,No,,,,No,0,D Ignore,,Not enough candles: 76 — not eligible for AI research,https://www.tradingview.com/chart/?symbol=BINANCE:INTCBUSDT,,2026-09-05,1,fresh,,,
INTWB,INTWBUSDT,Unknown,,No,,,,No,0,D Ignore,,Not enough candles: 47 — not eligible for AI research,https://www.tradingview.com/chart/?symbol=BINANCE:INTWBUSDT,,2026-09-05,1,fresh,,,
IO,IOUSDT,Blue,38,No,,,,No,0,D Ignore,434,"Two-color confirmation did not come immediately after Gray — small-cap potential, small-cap high risk, clean transition",https://www.tradingview.com/chart/?symbol=IOUSDT,,2026-09-05,1,fresh,,,
IOST,IOSTUSDT,Blue,109,No,,,,No,0,D Ignore,708,"Two-color confirmation did not come immediately after Gray — small-cap potential, small-cap high risk, clean transition",https://www.tradingview.com/chart/?symbol=IOSTUSDT,,2026-09-05,1,fresh,,,
IOTA,IOTAUSDT,Gray,12,No,,,,No,0,D Ignore,180,Latest two closed candles are not same Gold/Blue color — clean transition,https://www.tradingview.com/chart/?symbol=IOTAUSDT,,2026-09-05,1,fresh,,,
IOTX,IOTXUSDT,Gray,12,No,,,,No,0,D Ignore,661,"Latest two closed candles are not same Gold/Blue color — small-cap potential, small-cap high risk, clean transition",https://www.tradingview.com/chart/?symbol=IOTXUSDT,,2026-09-05,1,fresh,,,
IQ,IQUSDT,Blue,109,No,,,,No,0,D Ignore,847,"Two-color confirmation did not come immediately after Gray — small-cap potential, small-cap high risk, clean transition",https://www.tradingview.com/chart/?symbol=IQUSDT,,2026-09-05,1,fresh,,,
IRENB,IRENBUSDT,Unknown,,No,,,,No,0,D Ignore,,Not enough candles: 33 — not eligible for AI research,https://www.tradingview.com/chart/?symbol=BINANCE:IRENBUSDT,,2026-09-05,1,fresh,,,
JASMY,JASMYUSDT,Gray,7,No,,,,No,0,D Ignore,172,Latest two closed candles are not same Gold/Blue color — clean transition,https://www.tradingview.com/chart/?symbol=JASMYUSDT,,2026-09-05,1,fresh,,,
JOE,JOEUSDT,Gray,13,No,,,,No,0,D Ignore,1022,"Latest two closed candles are not same Gold/Blue color — small-cap potential, small-cap high risk, clean transition",https://www.tradingview.com/chart/?symbol=JOEUSDT,,2026-09-05,1,fresh,,,
JST,JSTUSDT,Gold,69,No,,,,No,0,D Ignore,76,"Two-color confirmation did not come immediately after Gray — large-cap stability, top market cap, clean transition",https://www.tradingview.com/chart/?symbol=JSTUSDT,,2026-09-05,1,fresh,,,
JTO,JTOUSDT,Blue,29,No,,,,No,0,D Ignore,169,Two-color confirmation did not come immediately after Gray — clean transition,https://www.tradingview.com/chart/?symbol=JTOUSDT,,2026-09-05,1,fresh,,,
JUV,JUVUSDT,Blue,170,No,,,,No,0,D Ignore,1634,"Two-color confirmation did not come immediately after Gray — small-cap potential, small-cap high risk, clean transition",https://www.tradingview.com/chart/?symbol=JUVUSDT,,2026-09-05,1,fresh,,,
KAIA,KAIAUSDT,Blue,95,No,,,,No,0,D Ignore,178,Two-color confirmation did not come immediately after Gray — clean transition,https://www.tradingview.com/chart/?symbol=KAIAUSDT,,2026-09-05,1,fresh,,,
KAITO,KAITOUSDT,Blue,16,No,,,,No,0,D Ignore,342,"Two-color confirmation did not come immediately after Gray — small-cap potential, small-cap high risk, clean transition",https://www.tradingview.com/chart/?symbol=KAITOUSDT,,2026-09-05,1,fresh,,,
KAT,KATUSDT,Blue,115,No,,,,No,0,D Ignore,1006,"Two-color confirmation did not come immediately after Gray — small-cap potential, small-cap high risk, clean transition",https://www.tradingview.com/chart/?symbol=KATUSDT,,2026-09-05,1,fresh,,,
KAVA,KAVAUSDT,Gray,7,No,,,,No,0,D Ignore,421,"Latest two closed candles are not same Gold/Blue color — small-cap potential, small-cap high risk, clean transition",https://www.tradingview.com/chart/?symbol=KAVAUSDT,,2026-09-05,1,fresh,,,
KERNEL,KERNELUSDT,Gray,1,No,,,,No,0,D Ignore,1132,"Latest two closed candles are not same Gold/Blue color — small-cap potential, small-cap high risk, fresh signal, clean transition",https://www.tradingview.com/chart/?symbol=KERNELUSDT,,2026-09-05,1,fresh,,,
KGST,KGSTUSDT,Blue,14,No,,,,No,0,D Ignore,1498,"Two-color confirmation did not come immediately after Gray — small-cap potential, small-cap high risk, clean transition",https://www.tradingview.com/chart/?symbol=KGSTUSDT,,2026-09-05,1,fresh,,,
KITE,KITEUSDT,Gray,4,No,,,,No,0,D Ignore,135,Latest two closed candles are not same Gold/Blue color — clean transition,https://www.tradingview.com/chart/?symbol=KITEUSDT,,2026-09-05,1,fresh,,,
KMNO,KMNOUSDT,Gold,15,No,,,,No,0,D Ignore,221,Two-color confirmation did not come immediately after Gray — clean transition,https://www.tradingview.com/chart/?symbol=KMNOUSDT,,2026-09-05,1,fresh,,,
KNC,KNCUSDT,Gray,9,No,,,,No,0,D Ignore,742,"Latest two closed candles are not same Gold/Blue color — small-cap potential, small-cap high risk, clean transition",https://www.tradingview.com/chart/?symbol=KNCUSDT,,2026-09-05,1,fresh,,,
KORUB,KORUBUSDT,Unknown,,No,,,,No,0,D Ignore,,Not enough candles: 47 — not eligible for AI research,https://www.tradingview.com/chart/?symbol=BINANCE:KORUBUSDT,,2026-09-05,1,fresh,,,
KSM,KSMUSDT,Gray,11,No,,,,No,0,D Ignore,357,"Latest two closed candles are not same Gold/Blue color — small-cap potential, small-cap high risk, clean transition",https://www.tradingview.com/chart/?symbol=KSMUSDT,,2026-09-05,1,fresh,,,
LA,LAUSDT,Gray,1,No,,,,No,0,D Ignore,1060,"Latest two closed candles are not same Gold/Blue color — small-cap potential, small-cap high risk, fresh signal, clean transition",https://www.tradingview.com/chart/?symbol=LAUSDT,,2026-09-05,1,fresh,,,
LAYER,LAYERUSDT,Gray,9,No,,,,No,0,D Ignore,1005,"Latest two closed candles are not same Gold/Blue color — small-cap potential, small-cap high risk, clean transition",https://www.tradingview.com/chart/?symbol=LAYERUSDT,,2026-09-05,1,fresh,,,
LAZIO,LAZIOUSDT,Gray,3,No,,,,No,0,D Ignore,1635,"Latest two closed candles are not same Gold/Blue color — small-cap potential, small-cap high risk, clean transition",https://www.tradingview.com/chart/?symbol=LAZIOUSDT,,2026-09-05,1,fresh,,,
LDO,LDOUSDT,Gold,15,No,,,,No,0,D Ignore,129,Two-color confirmation did not come immediately after Gray — clean transition,https://www.tradingview.com/chart/?symbol=LDOUSDT,,2026-09-05,1,fresh,,,
LINEA,LINEAUSDT,Gray,7,No,,,,No,0,D Ignore,378,"Latest two closed candles are not same Gold/Blue color — small-cap potential, small-cap high risk, clean transition",https://www.tradingview.com/chart/?symbol=LINEAUSDT,,2026-09-05,1,fresh,,,
LINK,LINKUSDT,Gold,22,No,LINKBTC,Gold,53,No,0,D Ignore,15,"Two-color confirmation did not come immediately after Gray — large-cap stability, top market cap, clean transition",https://www.tradingview.com/chart/?symbol=LINKUSDT,https://www.tradingview.com/chart/?symbol=LINKBTC,2026-09-05,1,fresh,2026-09-05,1,fresh
LISTA,LISTAUSDT,Gold,15,No,,,,No,0,D Ignore,592,"Two-color confirmation did not come immediately after Gray — small-cap potential, small-cap high risk, clean transition",https://www.tradingview.com/chart/?symbol=LISTAUSDT,,2026-09-05,1,fresh,,,
LITEB,LITEBUSDT,Unknown,,No,,,,No,0,D Ignore,,Not enough candles: 69 — not eligible for AI research,https://www.tradingview.com/chart/?symbol=BINANCE:LITEBUSDT,,2026-09-05,1,fresh,,,
LPT,LPTUSDT,Blue,99,No,,,,No,0,D Ignore,350,"Two-color confirmation did not come immediately after Gray — small-cap potential, small-cap high risk, clean transition",https://www.tradingview.com/chart/?symbol=LPTUSDT,,2026-09-05,1,fresh,,,
LQTY,LQTYUSDT,Gold,4,No,,,,No,0,D Ignore,764,"Two-color confirmation did not come immediately after Gray — small-cap potential, small-cap high risk, clean transition",https://www.tradingview.com/chart/?symbol=LQTYUSDT,,2026-09-05,1,fresh,,,
LSK,LSKUSDT,Gold,2,No,,,,No,0,D Ignore,749,"Two-color confirmation did not come immediately after Gray — small-cap potential, small-cap high risk, clean transition",https://www.tradingview.com/chart/?symbol=LSKUSDT,,2026-09-05,1,fresh,,,
LTC,LTCUSDT,Gold,12,No,LTCBTC,Blue,22,No,0,D Ignore,25,"Two-color confirmation did not come immediately after Gray — large-cap stability, top market cap, clean transition",https://www.tradingview.com/chart/?symbol=LTCUSDT,https://www.tradingview.com/chart/?symbol=LTCBTC,2026-09-05,1,fresh,2026-09-05,1,fresh
LUMIA,LUMIAUSDT,Blue,49,No,,,,No,0,D Ignore,849,"Two-color confirmation did not come immediately after Gray — small-cap potential, small-cap high risk, clean transition",https://www.tradingview.com/chart/?symbol=LUMIAUSDT,,2026-09-05,1,fresh,,,
LUNA,LUNAUSDT,Blue,94,No,,,,No,0,D Ignore,622,"Two-color confirmation did not come immediately after Gray — small-cap potential, small-cap high risk, clean transition",https://www.tradingview.com/chart/?symbol=LUNAUSDT,,2026-09-05,1,fresh,,,
LUNC,LUNCUSDT,Blue,60,No,,,,No,0,D Ignore,141,Two-color confirmation did not come immediately after Gray — clean transition,https://www.tradingview.com/chart/?symbol=LUNCUSDT,,2026-09-05,1,fresh,,,
MAGIC,MAGICUSDT,Gray,9,No,,,,No,0,D Ignore,972,"Latest two closed candles are not same Gold/Blue color — small-cap potential, small-cap high risk, clean transition",https://www.tradingview.com/chart/?symbol=MAGICUSDT,,2026-09-05,1,fresh,,,
MANA,MANAUSDT,Gray,12,No,,,,No,0,D Ignore,214,Latest two closed candles are not same Gold/Blue color — clean transition,https://www.tradingview.com/chart/?symbol=MANAUSDT,,2026-09-05,1,fresh,,,
MANTA,MANTAUSDT,Blue,60,No,,,,No,0,D Ignore,663,"Two-color confirmation did not come immediately after Gray — small-cap potential, small-cap high risk, clean transition",https://www.tradingview.com/chart/?symbol=MANTAUSDT,,2026-09-05,1,fresh,,,
MANTRA,MANTRAUSDT,Blue,157,No,,,,No,0,D Ignore,678,"Two-color confirmation did not come immediately after Gray — small-cap potential, small-cap high risk, clean transition",https://www.tradingview.com/chart/?symbol=MANTRAUSDT,,2026-09-05,1,fresh,,,
MARSCOIN,MARSCOINUSDT,Unknown,,No,,,,No,0,D Ignore,167,Not enough candles: 3 — not eligible for AI research,https://www.tradingview.com/chart/?symbol=BINANCE:MARSCOINUSDT,,2026-09-05,1,fresh,,,
MASK,MASKUSDT,Gold,6,No,,,,No,0,D Ignore,490,"Two-color confirmation did not come immediately after Gray — small-cap potential, small-cap high risk, clean transition",https://www.tradingview.com/chart/?symbol=MASKUSDT,,2026-09-05,1,fresh,,,
MAV,MAVUSDT,Gray,14,No,,,,No,0,D Ignore,1056,"Latest two closed candles are not same Gold/Blue color — small-cap potential, small-cap high risk, clean transition",https://www.tradingview.com/chart/?symbol=MAVUSDT,,2026-09-05,1,fresh,,,
MBL,MBLUSDT,Blue,101,No,,,,No,0,D Ignore,1048,"Two-color confirmation did not come immediately after Gray — small-cap potential, small-cap high risk, clean transition",https://www.tradingview.com/chart/?symbol=MBLUSDT,,2026-09-05,1,fresh,,,
ME,MEUSDT,Blue,8,No,,,,No,0,D Ignore,544,"Two-color confirmation did not come immediately after Gray — small-cap potential, small-cap high risk, clean transition",https://www.tradingview.com/chart/?symbol=MEUSDT,,2026-09-05,1,fresh,,,
MEGA,MEGAUSDT,Blue,100,No,,,,No,0,D Ignore,496,"Two-color confirmation did not come immediately after Gray — small-cap potential, small-cap high risk, clean transition",https://www.tradingview.com/chart/?symbol=MEGAUSDT,,2026-09-05,1,fresh,,,
MEME,MEMEUSDT,Gray,1,No,,,,No,0,D Ignore,430,"Latest two closed candles are not same Gold/Blue color — small-cap potential, small-cap high risk, fresh signal, clean transition",https://www.tradingview.com/chart/?symbol=MEMEUSDT,,2026-09-05,1,fresh,,,
MET,METUSDT,Gold,66,No,,,,No,0,D Ignore,258,Two-color confirmation did not come immediately after Gray — clean transition,https://www.tradingview.com/chart/?symbol=METUSDT,,2026-09-05,1,fresh,,,
METAB,METABUSDT,Unknown,,No,,,,No,0,D Ignore,,Not enough candles: 69 — not eligible for AI research,https://www.tradingview.com/chart/?symbol=BINANCE:METABUSDT,,2026-09-05,1,fresh,,,
METIS,METISUSDT,Gray,5,No,,,,No,0,D Ignore,761,"Latest two closed candles are not same Gold/Blue color — small-cap potential, small-cap high risk, clean transition",https://www.tradingview.com/chart/?symbol=METISUSDT,,2026-09-05,1,fresh,,,
MINA,MINAUSDT,Gold,11,No,,,,No,0,D Ignore,278,Two-color confirmation did not come immediately after Gray — clean transition,https://www.tradingview.com/chart/?symbol=MINAUSDT,,2026-09-05,1,fresh,,,
MIRA,MIRAUSDT,Blue,112,No,,,,No,0,D Ignore,983,"Two-color confirmation did not come immediately after Gray — small-cap potential, small-cap high risk, clean transition",https://www.tradingview.com/chart/?symbol=MIRAUSDT,,2026-09-05,1,fresh,,,
MITO,MITOUSDT,Blue,4,No,,,,No,0,D Ignore,1370,"Two-color confirmation did not come immediately after Gray — small-cap potential, small-cap high risk, clean transition",https://www.tradingview.com/chart/?symbol=MITOUSDT,,2026-09-05,1,fresh,,,
MMT,MMTUSDT,Gray,10,No,,,,No,0,D Ignore,616,"Latest two closed candles are not same Gold/Blue color — small-cap potential, small-cap high risk, clean transition",https://www.tradingview.com/chart/?symbol=MMTUSDT,,2026-09-05,1,fresh,,,
MORPHO,MORPHOUSDT,Gold,20,No,,,,No,0,D Ignore,51,"Two-color confirmation did not come immediately after Gray — large-cap stability, top market cap, clean transition",https://www.tradingview.com/chart/?symbol=MORPHOUSDT,,2026-09-05,1,fresh,,,
MOVE,MOVEUSDT,Blue,170,No,,,,No,0,D Ignore,550,"Two-color confirmation did not come immediately after Gray — small-cap potential, small-cap high risk, clean transition",https://www.tradingview.com/chart/?symbol=MOVEUSDT,,2026-09-05,1,fresh,,,
MOVR,MOVRUSDT,Blue,89,No,,,,No,0,D Ignore,1202,"Two-color confirmation did not come immediately after Gray — small-cap potential, small-cap high risk, clean transition",https://www.tradingview.com/chart/?symbol=MOVRUSDT,,2026-09-05,1,fresh,,,
MRNAB,MRNABUSDT,Unknown,,No,,,,No,0,D Ignore,,Not enough candles: 5 — not eligible for AI research,https://www.tradingview.com/chart/?symbol=BINANCE:MRNABUSDT,,2026-09-05,1,fresh,,,
MRVLB,MRVLBUSDT,Unknown,,No,,,,No,0,D Ignore,1265,Not enough candles: 54 — not eligible for AI research,https://www.tradingview.com/chart/?symbol=BINANCE:MRVLBUSDT,,2026-09-05,1,fresh,,,
MSFTB,MSFTBUSDT,Unknown,,No,,,,No,0,D Ignore,,Not enough candles: 69 — not eligible for AI research,https://www.tradingview.com/chart/?symbol=BINANCE:MSFTBUSDT,,2026-09-05,1,fresh,,,
MSTRB,MSTRBUSDT,Unknown,,No,,,,No,0,D Ignore,,Not enough candles: 76 — not eligible for AI research,https://www.tradingview.com/chart/?symbol=BINANCE:MSTRBUSDT,,2026-09-05,1,fresh,,,
MTL,MTLUSDT,Gray,9,No,,,,No,0,D Ignore,779,"Latest two closed candles are not same Gold/Blue color — small-cap potential, small-cap high risk, clean transition",https://www.tradingview.com/chart/?symbol=MTLUSDT,,2026-09-05,1,fresh,,,
MUB,MUBUSDT,Unknown,,No,,,,No,0,D Ignore,545,Not enough candles: 88 — not eligible for AI research,https://www.tradingview.com/chart/?symbol=BINANCE:MUBUSDT,,2026-09-05,1,fresh,,,
MUBARAK,MUBARAKUSDT,Gold,29,No,,,,No,0,D Ignore,637,"Two-color confirmation did not come immediately after Gray — small-cap potential, small-cap high risk, clean transition",https://www.tradingview.com/chart/?symbol=MUBARAKUSDT,,2026-09-05,1,fresh,,,
MUUB,MUUBUSDT,Unknown,,No,,,,No,0,D Ignore,,Not enough candles: 47 — not eligible for AI research,https://www.tradingview.com/chart/?symbol=BINANCE:MUUBUSDT,,2026-09-05,1,fresh,,,
MVLLB,MVLLBUSDT,Unknown,,No,,,,No,0,D Ignore,,Not enough candles: 47 — not eligible for AI research,https://www.tradingview.com/chart/?symbol=BINANCE:MVLLBUSDT,,2026-09-05,1,fresh,,,
NBISB,NBISBUSDT,Unknown,,No,,,,No,0,D Ignore,1312,Not enough candles: 62 — not eligible for AI research,https://www.tradingview.com/chart/?symbol=BINANCE:NBISBUSDT,,2026-09-05,1,fresh,,,
NEIRO,NEIROUSDT,Gold,15,No,,,,No,0,D Ignore,564,"Two-color confirmation did not come immediately after Gray — small-cap potential, small-cap high risk, clean transition",https://www.tradingview.com/chart/?symbol=NEIROUSDT,,2026-09-05,1,fresh,,,
NEO,NEOUSDT,Gray,10,No,,,,No,0,D Ignore,209,Latest two closed candles are not same Gold/Blue color — clean transition,https://www.tradingview.com/chart/?symbol=NEOUSDT,,2026-09-05,1,fresh,,,
NEWT,NEWTUSDT,Blue,94,No,,,,No,0,D Ignore,1247,"Two-color confirmation did not come immediately after Gray — small-cap potential, small-cap high risk, clean transition",https://www.tradingview.com/chart/?symbol=NEWTUSDT,,2026-09-05,1,fresh,,,
NEXO,NEXOUSDT,Gold,8,No,NEXOBTC,Blue,53,No,0,D Ignore,82,"Two-color confirmation did not come immediately after Gray — large-cap stability, top market cap, clean transition",https://www.tradingview.com/chart/?symbol=NEXOUSDT,https://www.tradingview.com/chart/?symbol=NEXOBTC,2026-09-05,1,fresh,2026-09-05,1,fresh
NFLXB,NFLXBUSDT,Unknown,,No,,,,No,0,D Ignore,,Not enough candles: 33 — not eligible for AI research,https://www.tradingview.com/chart/?symbol=BINANCE:NFLXBUSDT,,2026-09-05,1,fresh,,,
NIGHT,NIGHTUSDT,Blue,150,No,,,,No,0,D Ignore,120,Two-color confirmation did not come immediately after Gray — clean transition,https://www.tradingview.com/chart/?symbol=NIGHTUSDT,,2026-09-05,1,fresh,,,
NIL,NILUSDT,Gold,13,No,,,,No,0,D Ignore,707,"Two-color confirmation did not come immediately after Gray — small-cap potential, small-cap high risk, clean transition",https://www.tradingview.com/chart/?symbol=NILUSDT,,2026-09-05,1,fresh,,,
NMR,NMRUSDT,Gold,1,No,,,,No,0,D Ignore,381,"Two-color confirmation did not come immediately after Gray — small-cap potential, small-cap high risk, fresh signal, clean transition",https://www.tradingview.com/chart/?symbol=NMRUSDT,,2026-09-05,1,fresh,,,
NOKB,NOKBUSDT,Unknown,,No,,,,No,0,D Ignore,,Not enough candles: 54 — not eligible for AI research,https://www.tradingview.com/chart/?symbol=BINANCE:NOKBUSDT,,2026-09-05,1,fresh,,,
NOM,NOMUSDT,Gray,0,No,,,,No,0,D Ignore,1631,"Latest two closed candles are not same Gold/Blue color — small-cap potential, small-cap high risk, fresh signal, clean transition",https://www.tradingview.com/chart/?symbol=NOMUSDT,,2026-09-05,1,fresh,,,
NOT,NOTUSDT,Gold,6,No,,,,No,0,D Ignore,495,"Two-color confirmation did not come immediately after Gray — small-cap potential, small-cap high risk, clean transition",https://www.tradingview.com/chart/?symbol=NOTUSDT,,2026-09-05,1,fresh,,,
NVDAB,NVDABUSDT,Unknown,,No,,,,No,0,D Ignore,960,Not enough candles: 88 — not eligible for AI research,https://www.tradingview.com/chart/?symbol=BINANCE:NVDABUSDT,,2026-09-05,1,fresh,,,
NXPC,NXPCUSDT,Blue,69,No,,,,No,0,D Ignore,395,"Two-color confirmation did not come immediately after Gray — small-cap potential, small-cap high risk, clean transition",https://www.tradingview.com/chart/?symbol=NXPCUSDT,,2026-09-05,1,fresh,,,
OG,OGUSDT,Gold,9,No,,,,No,0,D Ignore,1029,"Two-color confirmation did not come immediately after Gray — small-cap potential, small-cap high risk, clean transition",https://www.tradingview.com/chart/?symbol=OGUSDT,,2026-09-05,1,fresh,,,
OGN,OGNUSDT,Gray,13,No,,,,No,0,D Ignore,1075,"Latest two closed candles are not same Gold/Blue color — small-cap potential, small-cap high risk, clean transition",https://www.tradingview.com/chart/?symbol=OGNUSDT,,2026-09-05,1,fresh,,,
ONDO,ONDOUSDT,Gold,0,No,,,,No,0,D Ignore,48,"Latest two closed candles are not same Gold/Blue color — large-cap stability, top market cap, fresh signal, clean transition",https://www.tradingview.com/chart/?symbol=ONDOUSDT,,2026-09-05,1,fresh,,,
ONE,ONEUSDT,Blue,110,No,,,,No,0,D Ignore,457,"Two-color confirmation did not come immediately after Gray — small-cap potential, small-cap high risk, clean transition",https://www.tradingview.com/chart/?symbol=ONEUSDT,,2026-09-05,1,fresh,,,
ONG,ONGUSDT,Gold,16,No,,,,No,0,D Ignore,483,"Two-color confirmation did not come immediately after Gray — small-cap potential, small-cap high risk, clean transition",https://www.tradingview.com/chart/?symbol=ONGUSDT,,2026-09-05,1,fresh,,,
ONT,ONTUSDT,Gold,8,No,,,,No,0,D Ignore,415,"Two-color confirmation did not come immediately after Gray — small-cap potential, small-cap high risk, clean transition",https://www.tradingview.com/chart/?symbol=ONTUSDT,,2026-09-05,1,fresh,,,
OP,OPUSDT,Gray,3,No,,,,No,0,D Ignore,156,Latest two closed candles are not same Gold/Blue color — clean transition,https://www.tradingview.com/chart/?symbol=OPUSDT,,2026-09-05,1,fresh,,,
OPEN,OPENUSDT,Blue,15,No,,,,No,0,D Ignore,697,"Two-color confirmation did not come immediately after Gray — small-cap potential, small-cap high risk, clean transition",https://www.tradingview.com/chart/?symbol=OPENUSDT,,2026-09-05,1,fresh,,,
OPG,OPGUSDT,Unknown,,No,,,,No,0,D Ignore,772,Not enough candles: 108 — not eligible for AI research,https://www.tradingview.com/chart/?symbol=BINANCE:OPGUSDT,,2026-09-05,1,fresh,,,
OPN,OPNUSDT,Blue,156,No,,,,No,0,D Ignore,1189,"Two-color confirmation did not come immediately after Gray — small-cap potential, small-cap high risk, clean transition",https://www.tradingview.com/chart/?symbol=OPNUSDT,,2026-09-05,1,fresh,,,
ORCA,ORCAUSDT,Gold,7,No,,,,No,0,D Ignore,320,"Two-color confirmation did not come immediately after Gray — small-cap potential, small-cap high risk, clean transition",https://www.tradingview.com/chart/?symbol=ORCAUSDT,,2026-09-05,1,fresh,,,
ORCLB,ORCLBUSDT,Unknown,,No,,,,No,0,D Ignore,,Not enough candles: 47 — not eligible for AI research,https://www.tradingview.com/chart/?symbol=BINANCE:ORCLBUSDT,,2026-09-05,1,fresh,,,
ORDI,ORDIUSDT,Gold,15,No,,,,No,0,D Ignore,298,Two-color confirmation did not come immediately after Gray — clean transition,https://www.tradingview.com/chart/?symbol=ORDIUSDT,,2026-09-05,1,fresh,,,
OSMO,OSMOUSDT,Gray,9,No,,,,No,0,D Ignore,682,"Latest two closed candles are not same Gold/Blue color — small-cap potential, small-cap high risk, clean transition",https://www.tradingview.com/chart/?symbol=OSMOUSDT,,2026-09-05,1,fresh,,,
PARTI,PARTIUSDT,Blue,71,No,,,,No,0,D Ignore,1533,"Two-color confirmation did not come immediately after Gray — small-cap potential, small-cap high risk, clean transition",https://www.tradingview.com/chart/?symbol=PARTIUSDT,,2026-09-05,1,fresh,,,
PENDLE,PENDLEUSDT,Gold,13,No,PENDLEBTC,Gold,3,No,0,D Ignore,123,Two-color confirmation did not come immediately after Gray — clean transition,https://www.tradingview.com/chart/?symbol=PENDLEUSDT,https://www.tradingview.com/chart/?symbol=PENDLEBTC,2026-09-05,1,fresh,2026-09-05,1,fresh
PENGU,PENGUUSDT,Gold,13,No,,,,No,0,D Ignore,103,Two-color confirmation did not come immediately after Gray — clean transition,https://www.tradingview.com/chart/?symbol=PENGUUSDT,,2026-09-05,1,fresh,,,
PEOPLE,PEOPLEUSDT,Gold,32,No,,,,No,0,D Ignore,509,"Two-color confirmation did not come immediately after Gray — small-cap potential, small-cap high risk, clean transition",https://www.tradingview.com/chart/?symbol=PEOPLEUSDT,,2026-09-05,1,fresh,,,
PEPE,PEPEUSDT,Gold,13,No,,,,No,0,D Ignore,55,"Two-color confirmation did not come immediately after Gray — large-cap stability, top market cap, clean transition",https://www.tradingview.com/chart/?symbol=PEPEUSDT,,2026-09-05,1,fresh,,,
PHA,PHAUSDT,Gray,0,No,,,,No,0,D Ignore,804,"Latest two closed candles are not same Gold/Blue color — small-cap potential, small-cap high risk, fresh signal, clean transition",https://www.tradingview.com/chart/?symbol=PHAUSDT,,2026-09-05,1,fresh,,,
PIXEL,PIXELUSDT,Gray,15,No,,,,No,0,D Ignore,1818,"Latest two closed candles are not same Gold/Blue color — small-cap potential, small-cap high risk, clean transition",https://www.tradingview.com/chart/?symbol=PIXELUSDT,,2026-09-05,1,fresh,,,
PLTRB,PLTRBUSDT,Unknown,,No,,,,No,0,D Ignore,,Not enough candles: 69 — not eligible for AI research,https://www.tradingview.com/chart/?symbol=BINANCE:PLTRBUSDT,,2026-09-05,1,fresh,,,
PLUME,PLUMEUSDT,Gold,27,No,,,,No,0,D Ignore,295,Two-color confirmation did not come immediately after Gray — clean transition,https://www.tradingview.com/chart/?symbol=PLUMEUSDT,,2026-09-05,1,fresh,,,
PNUT,PNUTUSDT,Gold,11,No,,,,No,0,D Ignore,444,"Two-color confirmation did not come immediately after Gray — small-cap potential, small-cap high risk, clean transition",https://www.tradingview.com/chart/?symbol=PNUTUSDT,,2026-09-05,1,fresh,,,
POL,POLUSDT,Gold,14,No,,,,No,0,D Ignore,71,"Two-color confirmation did not come immediately after Gray — large-cap stability, top market cap, clean transition",https://www.tradingview.com/chart/?symbol=POLUSDT,,2026-09-05,1,fresh,,,
POLYX,POLYXUSDT,Blue,90,No,,,,No,0,D Ignore,475,"Two-color confirmation did not come immediately after Gray — small-cap potential, small-cap high risk, clean transition",https://www.tradingview.com/chart/?symbol=POLYXUSDT,,2026-09-05,1,fresh,,,
PORTAL,PORTALUSDT,Gold,13,No,,,,No,0,D Ignore,997,"Two-color confirmation did not come immediately after Gray — small-cap potential, small-cap high risk, clean transition",https://www.tradingview.com/chart/?symbol=PORTALUSDT,,2026-09-05,1,fresh,,,
PORTO,PORTOUSDT,Blue,162,No,,,,No,0,D Ignore,1637,"Two-color confirmation did not come immediately after Gray — small-cap potential, small-cap high risk, clean transition",https://www.tradingview.com/chart/?symbol=PORTOUSDT,,2026-09-05,1,fresh,,,
POWR,POWRUSDT,Gray,7,No,,,,No,0,D Ignore,680,"Latest two closed candles are not same Gold/Blue color — small-cap potential, small-cap high risk, clean transition",https://www.tradingview.com/chart/?symbol=POWRUSDT,,2026-09-05,1,fresh,,,
PROM,PROMUSDT,Gold,47,No,,,,No,0,D Ignore,292,Two-color confirmation did not come immediately after Gray — clean transition,https://www.tradingview.com/chart/?symbol=PROMUSDT,,2026-09-05,1,fresh,,,
PROVE,PROVEUSDT,Blue,99,No,,,,No,0,D Ignore,596,"Two-color confirmation did not come immediately after Gray — small-cap potential, small-cap high risk, clean transition",https://www.tradingview.com/chart/?symbol=PROVEUSDT,,2026-09-05,1,fresh,,,
PSG,PSGUSDT,Blue,89,No,,,,No,0,D Ignore,1330,"Two-color confirmation did not come immediately after Gray — small-cap potential, small-cap high risk, clean transition",https://www.tradingview.com/chart/?symbol=PSGUSDT,,2026-09-05,1,fresh,,,
PUMP,PUMPUSDT,Gold,42,No,,,,No,0,D Ignore,53,"Two-color confirmation did not come immediately after Gray — large-cap stability, top market cap, clean transition",https://www.tradingview.com/chart/?symbol=PUMPUSDT,,2026-09-05,1,fresh,,,
PUNDIX,PUNDIXUSDT,Gray,8,No,,,,No,0,D Ignore,730,"Latest two closed candles are not same Gold/Blue color — small-cap potential, small-cap high risk, clean transition",https://www.tradingview.com/chart/?symbol=PUNDIXUSDT,,2026-09-05,1,fresh,,,
PYPLB,PYPLBUSDT,Unknown,,No,,,,No,0,D Ignore,,Not enough candles: 40 — not eligible for AI research,https://www.tradingview.com/chart/?symbol=BINANCE:PYPLBUSDT,,2026-09-05,1,fresh,,,
PYTH,PYTHUSDT,Gold,15,No,,,,No,0,D Ignore,116,Two-color confirmation did not come immediately after Gray — clean transition,https://www.tradingview.com/chart/?symbol=PYTHUSDT,,2026-09-05,1,fresh,,,
QCOMB,QCOMBUSDT,Unknown,,No,,,,No,0,D Ignore,,Not enough candles: 62 — not eligible for AI research,https://www.tradingview.com/chart/?symbol=BINANCE:QCOMBUSDT,,2026-09-05,1,fresh,,,
QI,QIUSDT,Gray,26,No,,,,No,0,D Ignore,1262,"Latest two closed candles are not same Gold/Blue color — small-cap potential, small-cap high risk, clean transition",https://www.tradingview.com/chart/?symbol=QIUSDT,,2026-09-05,1,fresh,,,
QKC,QKCUSDT,Gray,10,No,,,,No,0,D Ignore,949,"Latest two closed candles are not same Gold/Blue color — small-cap potential, small-cap high risk, clean transition",https://www.tradingview.com/chart/?symbol=QKCUSDT,,2026-09-05,1,fresh,,,
QNT,QNTUSDT,Gray,1,No,,,,No,0,D Ignore,75,"Latest two closed candles are not same Gold/Blue color — large-cap stability, top market cap, fresh signal, clean transition",https://www.tradingview.com/chart/?symbol=QNTUSDT,,2026-09-05,1,fresh,,,
QNTB,QNTBUSDT,Unknown,,No,,,,No,0,D Ignore,,Not enough candles: 47 — not eligible for AI research,https://www.tradingview.com/chart/?symbol=BINANCE:QNTBUSDT,,2026-09-05,1,fresh,,,
QQQB,QQQBUSDT,Unknown,,No,,,,No,0,D Ignore,,Not enough candles: 69 — not eligible for AI research,https://www.tradingview.com/chart/?symbol=BINANCE:QQQBUSDT,,2026-09-05,1,fresh,,,
QTUM,QTUMUSDT,Gold,10,No,,,,No,0,D Ignore,291,Two-color confirmation did not come immediately after Gray — clean transition,https://www.tradingview.com/chart/?symbol=QTUMUSDT,,2026-09-05,1,fresh,,,
QUICK,QUICKUSDT,Gold,11,No,,,,No,0,D Ignore,1541,"Two-color confirmation did not come immediately after Gray — small-cap potential, small-cap high risk, clean transition",https://www.tradingview.com/chart/?symbol=QUICKUSDT,,2026-09-05,1,fresh,,,
RAD,RADUSDT,Gold,13,No,,,,No,0,D Ignore,1034,"Two-color confirmation did not come immediately after Gray — small-cap potential, small-cap high risk, clean transition",https://www.tradingview.com/chart/?symbol=RADUSDT,,2026-09-05,1,fresh,,,
RARE,RAREUSDT,Blue,102,No,,,,No,0,D Ignore,1193,"Two-color confirmation did not come immediately after Gray — small-cap potential, small-cap high risk, clean transition",https://www.tradingview.com/chart/?symbol=RAREUSDT,,2026-09-05,1,fresh,,,
RAY,RAYUSDT,Gold,13,No,,,,No,0,D Ignore,138,Two-color confirmation did not come immediately after Gray — clean transition,https://www.tradingview.com/chart/?symbol=RAYUSDT,,2026-09-05,1,fresh,,,
RE,REUSDT,Unknown,,No,,,,No,0,D Ignore,356,Not enough candles: 81 — not eligible for AI research,https://www.tradingview.com/chart/?symbol=BINANCE:REUSDT,,2026-09-05,1,fresh,,,
RED,REDUSDT,Gold,3,No,,,,No,0,D Ignore,394,"Two-color confirmation did not come immediately after Gray — small-cap potential, small-cap high risk, clean transition",https://www.tradingview.com/chart/?symbol=REDUSDT,,2026-09-05,1,fresh,,,
RENDER,RENDERUSDT,Blue,79,No,RENDERBTC,Blue,54,No,0,D Ignore,87,"Two-color confirmation did not come immediately after Gray — large-cap stability, top market cap, clean transition",https://www.tradingview.com/chart/?symbol=RENDERUSDT,https://www.tradingview.com/chart/?symbol=RENDERBTC,2026-09-05,1,fresh,2026-09-05,1,fresh
REQ,REQUSDT,Gray,10,No,,,,No,0,D Ignore,493,"Latest two closed candles are not same Gold/Blue color — small-cap potential, small-cap high risk, clean transition",https://www.tradingview.com/chart/?symbol=REQUSDT,,2026-09-05,1,fresh,,,
RESOLV,RESOLVUSDT,Blue,166,No,,,,No,0,D Ignore,1311,"Two-color confirmation did not come immediately after Gray — small-cap potential, small-cap high risk, clean transition",https://www.tradingview.com/chart/?symbol=RESOLVUSDT,,2026-09-05,1,fresh,,,
REZ,REZUSDT,Gray,12,No,,,,No,0,D Ignore,692,"Latest two closed candles are not same Gold/Blue color — small-cap potential, small-cap high risk, clean transition",https://www.tradingview.com/chart/?symbol=REZUSDT,,2026-09-05,1,fresh,,,
RIF,RIFUSDT,Blue,23,No,,,,No,0,D Ignore,341,"Two-color confirmation did not come immediately after Gray — small-cap potential, small-cap high risk, clean transition",https://www.tradingview.com/chart/?symbol=RIFUSDT,,2026-09-05,1,fresh,,,
RKLBB,RKLBBUSDT,Unknown,,No,,,,No,0,D Ignore,,Not enough candles: 54 — not eligible for AI research,https://www.tradingview.com/chart/?symbol=BINANCE:RKLBBUSDT,,2026-09-05,1,fresh,,,
RLC,RLCUSDT,Gray,11,No,,,,No,0,D Ignore,687,"Latest two closed candles are not same Gold/Blue color — small-cap potential, small-cap high risk, clean transition",https://www.tradingview.com/chart/?symbol=RLCUSDT,,2026-09-05,1,fresh,,,
ROBO,ROBOUSDT,Blue,157,No,,,,No,0,D Ignore,723,"Two-color confirmation did not come immediately after Gray — small-cap potential, small-cap high risk, clean transition",https://www.tradingview.com/chart/?symbol=ROBOUSDT,,2026-09-05,1,fresh,,,
RONIN,RONINUSDT,Blue,100,No,,,,No,0,D Ignore,,Two-color confirmation did not come immediately after Gray — clean transition,https://www.tradingview.com/chart/?symbol=RONINUSDT,,2026-09-05,1,fresh,,,
ROSE,ROSEUSDT,Gray,7,No,,,,No,0,D Ignore,424,"Latest two closed candles are not same Gold/Blue color — small-cap potential, small-cap high risk, clean transition",https://www.tradingview.com/chart/?symbol=ROSEUSDT,,2026-09-05,1,fresh,,,
RPL,RPLUSDT,Gray,4,No,,,,No,0,D Ignore,548,"Latest two closed candles are not same Gold/Blue color — small-cap potential, small-cap high risk, clean transition",https://www.tradingview.com/chart/?symbol=RPLUSDT,,2026-09-05,1,fresh,,,
RSR,RSRUSDT,Gold,0,No,,,,No,0,D Ignore,296,"Latest two closed candles are not same Gold/Blue color — fresh signal, clean transition",https://www.tradingview.com/chart/?symbol=RSRUSDT,,2026-09-05,1,fresh,,,
RUNE,RUNEUSDT,Gold,35,No,,,,No,0,D Ignore,201,Two-color confirmation did not come immediately after Gray — clean transition,https://www.tradingview.com/chart/?symbol=RUNEUSDT,,2026-09-05,1,fresh,,,
RVN,RVNUSDT,Blue,105,No,,,,No,0,D Ignore,448,"Two-color confirmation did not come immediately after Gray — small-cap potential, small-cap high risk, clean transition",https://www.tradingview.com/chart/?symbol=RVNUSDT,,2026-09-05,1,fresh,,,
S,SUSDT,Gray,11,No,,,,No,0,D Ignore,241,Latest two closed candles are not same Gold/Blue color — clean transition,https://www.tradingview.com/chart/?symbol=SUSDT,,2026-09-05,1,fresh,,,
SAGA,SAGAUSDT,Gray,15,No,,,,No,0,D Ignore,1490,"Latest two closed candles are not same Gold/Blue color — small-cap potential, small-cap high risk, clean transition",https://www.tradingview.com/chart/?symbol=SAGAUSDT,,2026-09-05,1,fresh,,,
SAHARA,SAHARAUSDT,Blue,82,No,,,,No,0,D Ignore,614,"Two-color confirmation did not come immediately after Gray — small-cap potential, small-cap high risk, clean transition, high volume",https://www.tradingview.com/chart/?symbol=SAHARAUSDT,,2026-09-05,1,fresh,,,
SAND,SANDUSDT,Blue,168,No,,,,No,0,D Ignore,248,Two-color confirmation did not come immediately after Gray — clean transition,https://www.tradingview.com/chart/?symbol=SANDUSDT,,2026-09-05,1,fresh,,,
SANTOS,SANTOSUSDT,Blue,129,No,,,,No,0,D Ignore,1301,"Two-color confirmation did not come immediately after Gray — small-cap potential, small-cap high risk, clean transition",https://www.tradingview.com/chart/?symbol=SANTOSUSDT,,2026-09-05,1,fresh,,,
SAPIEN,SAPIENUSDT,Blue,83,No,,,,No,0,D Ignore,974,"Two-color confirmation did not come immediately after Gray — small-cap potential, small-cap high risk, clean transition",https://www.tradingview.com/chart/?symbol=SAPIENUSDT,,2026-09-05,1,fresh,,,
SC,SCUSDT,Gray,9,No,,,,No,0,D Ignore,582,"Latest two closed candles are not same Gold/Blue color — small-cap potential, small-cap high risk, clean transition",https://www.tradingview.com/chart/?symbol=SCUSDT,,2026-09-05,1,fresh,,,
SCR,SCRUSDT,Blue,95,No,,,,No,0,D Ignore,1772,"Two-color confirmation did not come immediately after Gray — small-cap potential, small-cap high risk, clean transition",https://www.tradingview.com/chart/?symbol=SCRUSDT,,2026-09-05,1,fresh,,,
SEI,SEIUSDT,Gray,2,No,,,,No,0,D Ignore,130,Latest two closed candles are not same Gold/Blue color — clean transition,https://www.tradingview.com/chart/?symbol=SEIUSDT,,2026-09-05,1,fresh,,,
SENT,SENTUSDT,Blue,170,No,,,,No,0,D Ignore,282,Two-color confirmation did not come immediately after Gray — clean transition,https://www.tradingview.com/chart/?symbol=SENTUSDT,,2026-09-05,1,fresh,,,
SFP,SFPUSDT,Gold,12,No,,,,No,0,D Ignore,219,Two-color confirmation did not come immediately after Gray — clean transition,https://www.tradingview.com/chart/?symbol=SFPUSDT,,2026-09-05,1,fresh,,,
SHELL,SHELLUSDT,Gray,10,No,,,,No,0,D Ignore,1503,"Latest two closed candles are not same Gold/Blue color — small-cap potential, small-cap high risk, clean transition",https://www.tradingview.com/chart/?symbol=SHELLUSDT,,2026-09-05,1,fresh,,,
SHIB,SHIBUSDT,Gold,11,No,,,,No,0,D Ignore,32,"Two-color confirmation did not come immediately after Gray — large-cap stability, top market cap, clean transition",https://www.tradingview.com/chart/?symbol=SHIBUSDT,,2026-09-05,1,fresh,,,
SIGN,SIGNUSDT,Gray,3,No,,,,No,0,D Ignore,658,"Latest two closed candles are not same Gold/Blue color — small-cap potential, small-cap high risk, clean transition",https://www.tradingview.com/chart/?symbol=SIGNUSDT,,2026-09-05,1,fresh,,,
SKHYB,SKHYBUSDT,Unknown,,No,,,,No,0,D Ignore,763,Not enough candles: 56 — not eligible for AI research,https://www.tradingview.com/chart/?symbol=BINANCE:SKHYBUSDT,,2026-09-05,1,fresh,,,
SKL,SKLUSDT,Blue,107,No,,,,No,0,D Ignore,765,"Two-color confirmation did not come immediately after Gray — small-cap potential, small-cap high risk, clean transition",https://www.tradingview.com/chart/?symbol=SKLUSDT,,2026-09-05,1,fresh,,,
SKY,SKYUSDT,Gold,8,No,,,,No,0,D Ignore,52,"Two-color confirmation did not come immediately after Gray — large-cap stability, top market cap, clean transition",https://www.tradingview.com/chart/?symbol=SKYUSDT,,2026-09-05,1,fresh,,,
SLP,SLPUSDT,Gold,13,No,,,,No,0,D Ignore,753,"Two-color confirmation did not come immediately after Gray — small-cap potential, small-cap high risk, clean transition",https://www.tradingview.com/chart/?symbol=SLPUSDT,,2026-09-05,1,fresh,,,
SMCIB,SMCIBUSDT,Unknown,,No,,,,No,0,D Ignore,,Not enough candles: 33 — not eligible for AI research,https://www.tradingview.com/chart/?symbol=BINANCE:SMCIBUSDT,,2026-09-05,1,fresh,,,
SMHB,SMHBUSDT,Unknown,,No,,,,No,0,D Ignore,,Not enough candles: 40 — not eligible for AI research,https://www.tradingview.com/chart/?symbol=BINANCE:SMHBUSDT,,2026-09-05,1,fresh,,,
SNDKB,SNDKBUSDT,Unknown,,No,,,,No,0,D Ignore,643,Not enough candles: 88 — not eligible for AI research,https://www.tradingview.com/chart/?symbol=BINANCE:SNDKBUSDT,,2026-09-05,1,fresh,,,
SNX,SNXUSDT,Blue,99,No,,,,No,0,D Ignore,232,Two-color confirmation did not come immediately after Gray — clean transition,https://www.tradingview.com/chart/?symbol=SNXUSDT,,2026-09-05,1,fresh,,,
SNXXB,SNXXBUSDT,Unknown,,No,,,,No,0,D Ignore,1798,Not enough candles: 47 — not eligible for AI research,https://www.tradingview.com/chart/?symbol=BINANCE:SNXXBUSDT,,2026-09-05,1,fresh,,,
SOL,SOLUSDT,Gold,16,No,SOLBTC,Gold,23,No,0,D Ignore,7,"Two-color confirmation did not come immediately after Gray — large-cap stability, top market cap, clean transition, high volume",https://www.tradingview.com/chart/?symbol=SOLUSDT,https://www.tradingview.com/chart/?symbol=SOLBTC,2026-09-05,1,fresh,2026-09-05,1,fresh
SOLV,SOLVUSDT,Gray,6,No,,,,No,0,D Ignore,913,"Latest two closed candles are not same Gold/Blue color — small-cap potential, small-cap high risk, clean transition",https://www.tradingview.com/chart/?symbol=SOLVUSDT,,2026-09-05,1,fresh,,,
SOMI,SOMIUSDT,Gray,10,No,,,,No,0,D Ignore,823,"Latest two closed candles are not same Gold/Blue color — small-cap potential, small-cap high risk, clean transition",https://www.tradingview.com/chart/?symbol=SOMIUSDT,,2026-09-05,1,fresh,,,
SOPH,SOPHUSDT,Blue,111,No,,,,No,0,D Ignore,932,"Two-color confirmation did not come immediately after Gray — small-cap potential, small-cap high risk, clean transition",https://www.tradingview.com/chart/?symbol=SOPHUSDT,,2026-09-05,1,fresh,,,
SOXLB,SOXLBUSDT,Unknown,,No,,,,No,0,D Ignore,881,Not enough candles: 62 — not eligible for AI research,https://www.tradingview.com/chart/?symbol=BINANCE:SOXLBUSDT,,2026-09-05,1,fresh,,,
SOXSB,SOXSBUSDT,Unknown,,No,,,,No,0,D Ignore,,Not enough candles: 40 — not eligible for AI research,https://www.tradingview.com/chart/?symbol=BINANCE:SOXSBUSDT,,2026-09-05,1,fresh,,,
SPCXB,SPCXBUSDT,Unknown,,No,,,,No,0,D Ignore,391,Not enough candles: 87 — not eligible for AI research,https://www.tradingview.com/chart/?symbol=BINANCE:SPCXBUSDT,,2026-09-05,1,fresh,,,
SPELL,SPELLUSDT,Blue,111,No,,,,No,0,D Ignore,1017,"Two-color confirmation did not come immediately after Gray — small-cap potential, small-cap high risk, clean transition",https://www.tradingview.com/chart/?symbol=SPELLUSDT,,2026-09-05,1,fresh,,,
SPK,SPKUSDT,Gray,9,No,,,,No,0,D Ignore,352,"Latest two closed candles are not same Gold/Blue color — small-cap potential, small-cap high risk, clean transition",https://www.tradingview.com/chart/?symbol=SPKUSDT,,2026-09-05,1,fresh,,,
SPYB,SPYBUSDT,Unknown,,No,,,,No,0,D Ignore,861,Not enough candles: 62 — not eligible for AI research,https://www.tradingview.com/chart/?symbol=BINANCE:SPYBUSDT,,2026-09-05,1,fresh,,,
SQQQB,SQQQBUSDT,Unknown,,No,,,,No,0,D Ignore,,Not enough candles: 5 — not eligible for AI research,https://www.tradingview.com/chart/?symbol=BINANCE:SQQQBUSDT,,2026-09-05,1,fresh,,,
SSV,SSVUSDT,Gold,13,No,,,,No,0,D Ignore,502,"Two-color confirmation did not come immediately after Gray — small-cap potential, small-cap high risk, clean transition",https://www.tradingview.com/chart/?symbol=SSVUSDT,,2026-09-05,1,fresh,,,
STEEM,STEEMUSDT,Gray,11,No,,,,No,0,D Ignore,725,"Latest two closed candles are not same Gold/Blue color — small-cap potential, small-cap high risk, clean transition",https://www.tradingview.com/chart/?symbol=STEEMUSDT,,2026-09-05,1,fresh,,,
STG,STGUSDT,Gray,7,No,,,,No,0,D Ignore,758,"Latest two closed candles are not same Gold/Blue color — small-cap potential, small-cap high risk, clean transition",https://www.tradingview.com/chart/?symbol=STGUSDT,,2026-09-05,1,fresh,,,
STO,STOUSDT,Blue,119,No,,,,No,0,D Ignore,1261,"Two-color confirmation did not come immediately after Gray — small-cap potential, small-cap high risk, clean transition",https://www.tradingview.com/chart/?symbol=STOUSDT,,2026-09-05,1,fresh,,,
STRAX,STRAXUSDT,Gray,3,No,,,,No,0,D Ignore,812,"Latest two closed candles are not same Gold/Blue color — small-cap potential, small-cap high risk, clean transition",https://www.tradingview.com/chart/?symbol=STRAXUSDT,,2026-09-05,1,fresh,,,
STRK,STRKUSDT,Blue,93,No,,,,No,0,D Ignore,166,Two-color confirmation did not come immediately after Gray — clean transition,https://www.tradingview.com/chart/?symbol=STRKUSDT,,2026-09-05,1,fresh,,,
STX,STXUSDT,Gold,9,No,STXBTC,Gold,5,No,0,D Ignore,109,Two-color confirmation did not come immediately after Gray — clean transition,https://www.tradingview.com/chart/?symbol=STXUSDT,https://www.tradingview.com/chart/?symbol=STXBTC,2026-09-05,1,fresh,2026-09-05,1,fresh
STXB,STXBUSDT,Unknown,,No,,,,No,0,D Ignore,,Not enough candles: 5 — not eligible for AI research,https://www.tradingview.com/chart/?symbol=BINANCE:STXBUSDT,,2026-09-05,1,fresh,,,
SUI,SUIUSDT,Gray,13,No,SUIBTC,Blue,97,No,0,D Ignore,30,"Latest two closed candles are not same Gold/Blue color — large-cap stability, top market cap, clean transition, high volume",https://www.tradingview.com/chart/?symbol=SUIUSDT,https://www.tradingview.com/chart/?symbol=SUIBTC,2026-09-05,1,fresh,2026-09-05,1,fresh
SUN,SUNUSDT,Blue,18,No,,,,No,0,D Ignore,131,Two-color confirmation did not come immediately after Gray — clean transition,https://www.tradingview.com/chart/?symbol=SUNUSDT,,2026-09-05,1,fresh,,,
SUSHI,SUSHIUSDT,Gold,10,No,,,,No,0,D Ignore,364,"Two-color confirmation did not come immediately after Gray — small-cap potential, small-cap high risk, clean transition",https://www.tradingview.com/chart/?symbol=SUSHIUSDT,,2026-09-05,1,fresh,,,
SXT,SXTUSDT,Gray,10,No,,,,No,0,D Ignore,521,"Latest two closed candles are not same Gold/Blue color — small-cap potential, small-cap high risk, clean transition",https://www.tradingview.com/chart/?symbol=SXTUSDT,,2026-09-05,1,fresh,,,
SYN,SYNUSDT,Blue,28,No,,,,No,0,D Ignore,850,"Two-color confirmation did not come immediately after Gray — small-cap potential, small-cap high risk, clean transition",https://www.tradingview.com/chart/?symbol=SYNUSDT,,2026-09-05,1,fresh,,,
T,TUSDT,Gray,4,No,,,,No,0,D Ignore,445,"Latest two closed candles are not same Gold/Blue color — small-cap potential, small-cap high risk, clean transition",https://www.tradingview.com/chart/?symbol=TUSDT,,2026-09-05,1,fresh,,,
TAO,TAOUSDT,Gold,2,No,TAOBTC,Blue,67,No,0,D Ignore,42,"Two-color confirmation did not come immediately after Gray — large-cap stability, top market cap, clean transition",https://www.tradingview.com/chart/?symbol=TAOUSDT,https://www.tradingview.com/chart/?symbol=TAOBTC,2026-09-05,1,fresh,2026-09-05,1,fresh
TFUEL,TFUELUSDT,Gold,0,No,,,,No,0,D Ignore,358,"Latest two closed candles are not same Gold/Blue color — small-cap potential, small-cap high risk, fresh signal, clean transition",https://www.tradingview.com/chart/?symbol=TFUELUSDT,,2026-09-05,1,fresh,,,
THE,THEUSDT,Gray,16,No,,,,No,0,D Ignore,1184,"Latest two closed candles are not same Gold/Blue color — small-cap potential, small-cap high risk, clean transition",https://www.tradingview.com/chart/?symbol=THEUSDT,,2026-09-05,1,fresh,,,
THETA,THETAUSDT,Gold,10,No,THETABTC,Gray,14,No,0,D Ignore,189,Two-color confirmation did not come immediately after Gray — clean transition,https://www.tradingview.com/chart/?symbol=THETAUSDT,https://www.tradingview.com/chart/?symbol=THETABTC,2026-09-05,1,fresh,2026-09-05,1,fresh
TIA,TIAUSDT,Gray,1,No,,,,No,0,D Ignore,122,"Latest two closed candles are not same Gold/Blue color — fresh signal, clean transition",https://www.tradingview.com/chart/?symbol=TIAUSDT,,2026-09-05,1,fresh,,,
TKO,TKOUSDT,Gold,14,No,,,,No,0,D Ignore,1814,"Two-color confirmation did not come immediately after Gray — small-cap potential, small-cap high risk, clean transition",https://www.tradingview.com/chart/?symbol=TKOUSDT,,2026-09-05,1,fresh,,,
TLM,TLMUSDT,Blue,18,No,,,,No,0,D Ignore,1206,"Two-color confirmation did not come immediately after Gray — small-cap potential, small-cap high risk, clean transition",https://www.tradingview.com/chart/?symbol=TLMUSDT,,2026-09-05,1,fresh,,,
TOWNS,TOWNSUSDT,Gray,26,No,,,,No,0,D Ignore,1709,"Latest two closed candles are not same Gold/Blue color — small-cap potential, small-cap high risk, clean transition",https://www.tradingview.com/chart/?symbol=TOWNSUSDT,,2026-09-05,1,fresh,,,
TQQQB,TQQQBUSDT,Unknown,,No,,,,No,0,D Ignore,,Not enough candles: 47 — not eligible for AI research,https://www.tradingview.com/chart/?symbol=BINANCE:TQQQBUSDT,,2026-09-05,1,fresh,,,
TRB,TRBUSDT,Gold,12,No,,,,No,0,D Ignore,447,"Two-color confirmation did not come immediately after Gray — small-cap potential, small-cap high risk, clean transition",https://www.tradingview.com/chart/?symbol=TRBUSDT,,2026-09-05,1,fresh,,,
TREE,TREEUSDT,Gray,0,No,,,,No,0,D Ignore,955,"Latest two closed candles are not same Gold/Blue color — small-cap potential, small-cap high risk, fresh signal, clean transition",https://www.tradingview.com/chart/?symbol=TREEUSDT,,2026-09-05,1,fresh,,,
TRUMP,TRUMPUSDT,Gold,10,No,,,,No,0,D Ignore,94,"Two-color confirmation did not come immediately after Gray — large-cap stability, top market cap, clean transition",https://www.tradingview.com/chart/?symbol=TRUMPUSDT,,2026-09-05,1,fresh,,,
TRX,TRXUSDT,Gold,25,No,TRXBTC,Blue,13,No,0,D Ignore,8,"Two-color confirmation did not come immediately after Gray — large-cap stability, top market cap, clean transition",https://www.tradingview.com/chart/?symbol=TRXUSDT,https://www.tradingview.com/chart/?symbol=TRXBTC,2026-09-05,1,fresh,2026-09-05,1,fresh
TSLAB,TSLABUSDT,Unknown,,No,,,,No,0,D Ignore,911,Not enough candles: 88 — not eligible for AI research,https://www.tradingview.com/chart/?symbol=BINANCE:TSLABUSDT,,2026-09-05,1,fresh,,,
TSMB,TSMBUSDT,Unknown,,No,,,,No,0,D Ignore,1802,Not enough candles: 54 — not eligible for AI research,https://www.tradingview.com/chart/?symbol=BINANCE:TSMBUSDT,,2026-09-05,1,fresh,,,
TST,TSTUSDT,Gold,26,No,,,,No,0,D Ignore,922,"Two-color confirmation did not come immediately after Gray — small-cap potential, small-cap high risk, clean transition",https://www.tradingview.com/chart/?symbol=TSTUSDT,,2026-09-05,1,fresh,,,
TURBO,TURBOUSDT,Gold,8,No,,,,No,0,D Ignore,365,"Two-color confirmation did not come immediately after Gray — small-cap potential, small-cap high risk, clean transition",https://www.tradingview.com/chart/?symbol=TURBOUSDT,,2026-09-05,1,fresh,,,
TURTLE,TURTLEUSDT,Gold,29,No,,,,No,0,D Ignore,1483,"Two-color confirmation did not come immediately after Gray — small-cap potential, small-cap high risk, clean transition",https://www.tradingview.com/chart/?symbol=TURTLEUSDT,,2026-09-05,1,fresh,,,
TUT,TUTUSDT,Gold,56,No,,,,No,0,D Ignore,780,"Two-color confirmation did not come immediately after Gray — small-cap potential, small-cap high risk, clean transition",https://www.tradingview.com/chart/?symbol=TUTUSDT,,2026-09-05,1,fresh,,,
TWT,TWTUSDT,Gold,14,No,,,,No,0,D Ignore,151,Two-color confirmation did not come immediately after Gray — clean transition,https://www.tradingview.com/chart/?symbol=TWTUSDT,,2026-09-05,1,fresh,,,
U,UUSDT,Blue,30,No,,,,No,0,D Ignore,64,"Two-color confirmation did not come immediately after Gray — large-cap stability, top market cap, clean transition",https://www.tradingview.com/chart/?symbol=UUSDT,,2026-09-05,1,fresh,,,
UMA,UMAUSDT,Gray,3,No,,,,No,0,D Ignore,587,"Latest two closed candles are not same Gold/Blue color — small-cap potential, small-cap high risk, clean transition",https://www.tradingview.com/chart/?symbol=UMAUSDT,,2026-09-05,1,fresh,,,
UNI,UNIUSDT,Gold,53,No,UNIBTC,Gold,10,No,0,D Ignore,22,"Two-color confirmation did not come immediately after Gray — large-cap stability, top market cap, clean transition, high volume",https://www.tradingview.com/chart/?symbol=UNIUSDT,https://www.tradingview.com/chart/?symbol=UNIBTC,2026-09-05,1,fresh,2026-09-05,1,fresh
USARB,USARBUSDT,Unknown,,No,,,,No,0,D Ignore,,Not enough candles: 33 — not eligible for AI research,https://www.tradingview.com/chart/?symbol=BINANCE:USARBUSDT,,2026-09-05,1,fresh,,,
USDE,USDEUSDT,Blue,18,No,,,,No,0,D Ignore,24,"Two-color confirmation did not come immediately after Gray — large-cap stability, top market cap, clean transition",https://www.tradingview.com/chart/?symbol=USDEUSDT,,2026-09-05,1,fresh,,,
USDS,USDSUSDT,Blue,11,No,,,,No,0,D Ignore,14,"Two-color confirmation did not come immediately after Gray — large-cap stability, top market cap, clean transition",https://www.tradingview.com/chart/?symbol=USDSUSDT,,2026-09-05,1,fresh,,,
USUAL,USUALUSDT,Gold,7,No,,,,No,0,D Ignore,792,"Two-color confirmation did not come immediately after Gray — small-cap potential, small-cap high risk, clean transition",https://www.tradingview.com/chart/?symbol=USUALUSDT,,2026-09-05,1,fresh,,,
VANA,VANAUSDT,Blue,94,No,,,,No,0,D Ignore,675,"Two-color confirmation did not come immediately after Gray — small-cap potential, small-cap high risk, clean transition",https://www.tradingview.com/chart/?symbol=VANAUSDT,,2026-09-05,1,fresh,,,
VELODROME,VELODROMEUSDT,Gold,13,No,,,,No,0,D Ignore,,Two-color confirmation did not come immediately after Gray — clean transition,https://www.tradingview.com/chart/?symbol=VELODROMEUSDT,,2026-09-05,1,fresh,,,
VET,VETUSDT,Gold,9,No,,,,No,0,D Ignore,96,"Two-color confirmation did not come immediately after Gray — large-cap stability, top market cap, clean transition",https://www.tradingview.com/chart/?symbol=VETUSDT,,2026-09-05,1,fresh,,,
VIRTUAL,VIRTUALUSDT,Gold,12,No,,,,No,0,D Ignore,115,Two-color confirmation did not come immediately after Gray — clean transition,https://www.tradingview.com/chart/?symbol=VIRTUALUSDT,,2026-09-05,1,fresh,,,
VTHO,VTHOUSDT,Gray,8,No,,,,No,0,D Ignore,504,"Latest two closed candles are not same Gold/Blue color — small-cap potential, small-cap high risk, clean transition",https://www.tradingview.com/chart/?symbol=VTHOUSDT,,2026-09-05,1,fresh,,,
W,WUSDT,Gray,5,No,,,,No,0,D Ignore,387,"Latest two closed candles are not same Gold/Blue color — small-cap potential, small-cap high risk, clean transition",https://www.tradingview.com/chart/?symbol=WUSDT,,2026-09-05,1,fresh,,,
WAL,WALUSDT,Blue,109,No,,,,No,0,D Ignore,368,"Two-color confirmation did not come immediately after Gray — small-cap potential, small-cap high risk, clean transition",https://www.tradingview.com/chart/?symbol=WALUSDT,,2026-09-05,1,fresh,,,
WAXP,WAXPUSDT,Gray,7,No,,,,No,0,D Ignore,819,"Latest two closed candles are not same Gold/Blue color — small-cap potential, small-cap high risk, clean transition",https://www.tradingview.com/chart/?symbol=WAXPUSDT,,2026-09-05,1,fresh,,,
WBETH,WBETHUSDT,Gold,18,No,,,,No,0,D Ignore,,Two-color confirmation did not come immediately after Gray — clean transition,https://www.tradingview.com/chart/?symbol=WBETHUSDT,,2026-09-05,1,fresh,,,
WCT,WCTUSDT,Blue,96,No,,,,No,0,D Ignore,909,"Two-color confirmation did not come immediately after Gray — small-cap potential, small-cap high risk, clean transition",https://www.tradingview.com/chart/?symbol=WCTUSDT,,2026-09-05,1,fresh,,,
WDCB,WDCBUSDT,Unknown,,No,,,,No,0,D Ignore,,Not enough candles: 62 — not eligible for AI research,https://www.tradingview.com/chart/?symbol=BINANCE:WDCBUSDT,,2026-09-05,1,fresh,,,
WIF,WIFUSDT,Gold,10,No,,,,No,0,D Ignore,173,Two-color confirmation did not come immediately after Gray — clean transition,https://www.tradingview.com/chart/?symbol=WIFUSDT,,2026-09-05,1,fresh,,,
WIN,WINUSDT,Gold,63,No,,,,No,0,D Ignore,604,"Two-color confirmation did not come immediately after Gray — small-cap potential, small-cap high risk, clean transition",https://www.tradingview.com/chart/?symbol=WINUSDT,,2026-09-05,1,fresh,,,
WLD,WLDUSDT,Gray,9,No,WLDBTC,Blue,37,No,0,D Ignore,59,"Latest two closed candles are not same Gold/Blue color — large-cap stability, top market cap, clean transition",https://www.tradingview.com/chart/?symbol=WLDUSDT,https://www.tradingview.com/chart/?symbol=WLDBTC,2026-09-05,1,fresh,2026-09-05,1,fresh
WLFI,WLFIUSDT,Gray,16,No,,,,No,0,D Ignore,49,"Latest two closed candles are not same Gold/Blue color — large-cap stability, top market cap, clean transition",https://www.tradingview.com/chart/?symbol=WLFIUSDT,,2026-09-05,1,fresh,,,
WOO,WOOUSDT,Blue,102,No,,,,No,0,D Ignore,783,"Two-color confirmation did not come immediately after Gray — small-cap potential, small-cap high risk, clean transition",https://www.tradingview.com/chart/?symbol=WOOUSDT,,2026-09-05,1,fresh,,,
XAI,XAIUSDT,Gray,12,No,,,,No,0,D Ignore,965,"Latest two closed candles are not same Gold/Blue color — small-cap potential, small-cap high risk, clean transition",https://www.tradingview.com/chart/?symbol=XAIUSDT,,2026-09-05,1,fresh,,,
XEC,XECUSDT,Gold,46,No,,,,No,0,D Ignore,216,Two-color confirmation did not come immediately after Gray — clean transition,https://www.tradingview.com/chart/?symbol=XECUSDT,,2026-09-05,1,fresh,,,
XLM,XLMUSDT,Gray,3,No,,,,No,0,D Ignore,19,"Latest two closed candles are not same Gold/Blue color — large-cap stability, top market cap, clean transition",https://www.tradingview.com/chart/?symbol=XLMUSDT,,2026-09-05,1,fresh,,,
XNO,XNOUSDT,Gold,10,No,,,,No,0,D Ignore,436,"Two-color confirmation did not come immediately after Gray — small-cap potential, small-cap high risk, clean transition",https://www.tradingview.com/chart/?symbol=XNOUSDT,,2026-09-05,1,fresh,,,
XPL,XPLUSDT,Gray,12,No,,,,No,0,D Ignore,149,Latest two closed candles are not same Gold/Blue color — clean transition,https://www.tradingview.com/chart/?symbol=XPLUSDT,,2026-09-05,1,fresh,,,
XRP,XRPUSDT,Gold,12,No,XRPBTC,Gold,0,No,0,D Ignore,5,"Two-color confirmation did not come immediately after Gray — large-cap stability, top market cap, clean transition, high volume",https://www.tradingview.com/chart/?symbol=XRPUSDT,https://www.tradingview.com/chart/?symbol=XRPBTC,2026-09-05,1,fresh,2026-09-05,1,fresh
XTZ,XTZUSDT,Gray,0,No,XTZBTC,Blue,163,No,0,D Ignore,147,"Latest two closed candles are not same Gold/Blue color — fresh signal, clean transition",https://www.tradingview.com/chart/?symbol=XTZUSDT,https://www.tradingview.com/chart/?symbol=XTZBTC,2026-09-05,1,fresh,2026-09-05,1,fresh
XVG,XVGUSDT,Gray,13,No,,,,No,0,D Ignore,486,"Latest two closed candles are not same Gold/Blue color — small-cap potential, small-cap high risk, clean transition",https://www.tradingview.com/chart/?symbol=XVGUSDT,,2026-09-05,1,fresh,,,
XVS,XVSUSDT,Gold,47,No,,,,No,0,D Ignore,431,"Two-color confirmation did not come immediately after Gray — small-cap potential, small-cap high risk, clean transition",https://www.tradingview.com/chart/?symbol=XVSUSDT,,2026-09-05,1,fresh,,,
YB,YBUSDT,Gold,5,No,,,,No,0,D Ignore,739,"Two-color confirmation did not come immediately after Gray — small-cap potential, small-cap high risk, clean transition",https://www.tradingview.com/chart/?symbol=YBUSDT,,2026-09-05,1,fresh,,,
YFI,YFIUSDT,Gold,10,No,,,,No,0,D Ignore,309,"Two-color confirmation did not come immediately after Gray — small-cap potential, small-cap high risk, clean transition",https://www.tradingview.com/chart/?symbol=YFIUSDT,,2026-09-05,1,fresh,,,
YGG,YGGUSDT,Gray,9,No,,,,No,0,D Ignore,775,"Latest two closed candles are not same Gold/Blue color — small-cap potential, small-cap high risk, clean transition",https://www.tradingview.com/chart/?symbol=YGGUSDT,,2026-09-05,1,fresh,,,
ZAMA,ZAMAUSDT,Gold,170,No,,,,No,0,D Ignore,234,Two-color confirmation did not come immediately after Gray — clean transition,https://www.tradingview.com/chart/?symbol=ZAMAUSDT,,2026-09-05,1,fresh,,,
ZBT,ZBTUSDT,Blue,27,No,,,,No,0,D Ignore,696,"Two-color confirmation did not come immediately after Gray — small-cap potential, small-cap high risk, clean transition",https://www.tradingview.com/chart/?symbol=ZBTUSDT,,2026-09-05,1,fresh,,,
ZEC,ZECUSDT,Gold,56,No,ZECBTC,Gold,156,No,0,D Ignore,10,"Two-color confirmation did not come immediately after Gray — large-cap stability, top market cap, clean transition, high volume",https://www.tradingview.com/chart/?symbol=ZECUSDT,https://www.tradingview.com/chart/?symbol=ZECBTC,2026-09-05,1,fresh,2026-09-05,1,fresh
ZEN,ZENUSDT,Gold,7,No,,,,No,0,D Ignore,229,Two-color confirmation did not come immediately after Gray — clean transition,https://www.tradingview.com/chart/?symbol=ZENUSDT,,2026-09-05,1,fresh,,,
ZIL,ZILUSDT,Blue,106,No,,,,No,0,D Ignore,422,"Two-color confirmation did not come immediately after Gray — small-cap potential, small-cap high risk, clean transition",https://www.tradingview.com/chart/?symbol=ZILUSDT,,2026-09-05,1,fresh,,,
ZK,ZKUSDT,Blue,111,No,,,,No,0,D Ignore,267,Two-color confirmation did not come immediately after Gray — clean transition,https://www.tradingview.com/chart/?symbol=ZKUSDT,,2026-09-05,1,fresh,,,
ZKC,ZKCUSDT,Gray,6,No,,,,No,0,D Ignore,1016,"Latest two closed candles are not same Gold/Blue color — small-cap potential, small-cap high risk, clean transition, high volume",https://www.tradingview.com/chart/?symbol=ZKCUSDT,,2026-09-05,1,fresh,,,
ZKP,ZKPUSDT,Blue,110,No,,,,No,0,D Ignore,1230,"Two-color confirmation did not come immediately after Gray — small-cap potential, small-cap high risk, clean transition",https://www.tradingview.com/chart/?symbol=ZKPUSDT,,2026-09-05,1,fresh,,,
ZRO,ZROUSDT,Gold,2,No,,,,No,0,D Ignore,119,Two-color confirmation did not come immediately after Gray — clean transition,https://www.tradingview.com/chart/?symbol=ZROUSDT,,2026-09-05,1,fresh,,,
ZRX,ZRXUSDT,Gold,6,No,,,,No,0,D Ignore,299,Two-color confirmation did not come immediately after Gray — clean transition,https://www.tradingview.com/chart/?symbol=ZRXUSDT,,2026-09-05,1,fresh,,,
币安人生,币安人生USDT,Blue,22,No,,,,No,0,D Ignore,102,Two-color confirmation did not come immediately after Gray — clean transition,https://www.tradingview.com/chart/?symbol=币安人生USDT,,2026-09-05,1,fresh,,,
