symbol,pair,current_state,previous_state,flip,flip_direction,priority_score,priority_label,peg_stable,score,score_tier,market_cap_rank,color_age_days,reason,tradingview_link,last_flip_date,days_since_last_flip,prior_flip_count,pattern_type,outcome_status,data_as_of,candle_age_days,data_freshness_status
APEUSDT,APE/USDT,Gold,Blue,Yes,Blue → Gold (Bullish),83.0,High priority,,77,A Good,218,1,"Valid confirmed trend flip — fresh signal, clean transition",https://www.tradingview.com/chart/?symbol=APEUSDT,,,0,Insufficient history,pending_history,2026-09-07,1,fresh
KAVAUSDT,KAVA/USDT,Gold,Blue,Yes,Blue → Gold (Bullish),58.0,Medium priority,,62,B Watch,393,1,"Valid confirmed trend flip — small-cap potential, small-cap high risk, fresh signal",https://www.tradingview.com/chart/?symbol=KAVAUSDT,,,0,Insufficient history,pending_history,2026-09-07,1,fresh
OGNUSDT,OGN/USDT,Gold,Blue,Yes,Blue → Gold (Bullish),54.0,Medium priority,,52,B Watch,1094,1,"Valid confirmed trend flip — small-cap potential, small-cap high risk, fresh signal",https://www.tradingview.com/chart/?symbol=OGNUSDT,,,0,Insufficient history,pending_history,2026-09-07,1,fresh
MAVUSDT,MAV/USDT,Gold,Blue,Yes,Blue → Gold (Bullish),48.0,Medium priority,,42,C Weak,1086,1,"Valid confirmed trend flip — small-cap potential, small-cap high risk, fresh signal",https://www.tradingview.com/chart/?symbol=MAVUSDT,,,0,Insufficient history,pending_history,2026-09-07,1,fresh
BTCUSDT,BTC/USDT,Gold,Unknown,No,Unknown → Gold (Bullish),,,,0,D Ignore,1,16,"Two-color confirmation did not come immediately after Gray — large-cap stability, top market cap, clean transition, high volume",https://www.tradingview.com/chart/?symbol=BTCUSDT,,,,,,2026-09-07,1,fresh
XRPUSDT,XRP/USDT,Gold,Unknown,No,Unknown → Gold (Bullish),,,,0,D Ignore,5,14,"Two-color confirmation did not come immediately after Gray — large-cap stability, top market cap, clean transition, high volume",https://www.tradingview.com/chart/?symbol=XRPUSDT,,,,,,2026-09-07,1,fresh
ETHBTC,ETH/BTC,Gold,Unknown,No,Unknown → Gold (Bullish),,,,0,D Ignore,2,49,"Two-color confirmation did not come immediately after Gray — large-cap stability, top market cap, clean transition, high volume",https://www.tradingview.com/chart/?symbol=ETHBTC,,,,,,2026-09-07,1,fresh
ETHUSDT,ETH/USDT,Gold,Unknown,No,Unknown → Gold (Bullish),,,,0,D Ignore,2,20,"Two-color confirmation did not come immediately after Gray — large-cap stability, top market cap, clean transition, high volume",https://www.tradingview.com/chart/?symbol=ETHUSDT,,,,,,2026-09-07,1,fresh
SOLUSDT,SOL/USDT,Gold,Unknown,No,Unknown → Gold (Bullish),,,,0,D Ignore,7,18,"Two-color confirmation did not come immediately after Gray — large-cap stability, top market cap, clean transition, high volume",https://www.tradingview.com/chart/?symbol=SOLUSDT,,,,,,2026-09-07,1,fresh
BNBUSDT,BNB/USDT,Gold,Unknown,No,Unknown → Gold (Bullish),,,,0,D Ignore,4,19,"Two-color confirmation did not come immediately after Gray — large-cap stability, top market cap, clean transition, high volume",https://www.tradingview.com/chart/?symbol=BNBUSDT,,,,,,2026-09-07,1,fresh
SUIUSDT,SUI/USDT,Gray,Unknown,No,Unknown → Gray (Gray),,,,0,D Ignore,30,15,"Latest two closed candles are not same Gold/Blue color — large-cap stability, top market cap, clean transition, high volume",https://www.tradingview.com/chart/?symbol=SUIUSDT,,,,,,2026-09-07,1,fresh
SOLBTC,SOL/BTC,Gold,Unknown,No,Unknown → Gold (Bullish),,,,0,D Ignore,7,25,"Two-color confirmation did not come immediately after Gray — large-cap stability, top market cap, clean transition, high volume",https://www.tradingview.com/chart/?symbol=SOLBTC,,,,,,2026-09-07,1,fresh
SUIBTC,SUI/BTC,Blue,Unknown,No,Unknown → Blue (Bearish),,,,0,D Ignore,30,99,"Two-color confirmation did not come immediately after Gray — large-cap stability, top market cap, clean transition, high volume",https://www.tradingview.com/chart/?symbol=SUIBTC,,,,,,2026-09-07,1,fresh
WLDUSDT,WLD/USDT,Gold,Unknown,No,Unknown → Gold (Bullish),,,,0,D Ignore,51,0,"Latest two closed candles are not same Gold/Blue color — large-cap stability, top market cap, fresh signal, clean transition, high volume",https://www.tradingview.com/chart/?symbol=WLDUSDT,,,,,,2026-09-07,1,fresh
ZECBTC,ZEC/BTC,Gold,Unknown,No,Unknown → Gold (Bullish),,,,0,D Ignore,9,160,"Two-color confirmation did not come immediately after Gray — large-cap stability, top market cap, clean transition, high volume",https://www.tradingview.com/chart/?symbol=ZECBTC,,,,,,2026-09-07,1,fresh
BNBBTC,BNB/BTC,Gold,Unknown,No,Unknown → Gold (Bullish),,,,0,D Ignore,4,0,"Latest two closed candles are not same Gold/Blue color — large-cap stability, top market cap, fresh signal, clean transition, high volume",https://www.tradingview.com/chart/?symbol=BNBBTC,,,,,,2026-09-07,1,fresh
XRPBTC,XRP/BTC,Gold,Unknown,No,Unknown → Gold (Bullish),,,,0,D Ignore,5,2,"Two-color confirmation did not come immediately after Gray — large-cap stability, top market cap, clean transition, high volume",https://www.tradingview.com/chart/?symbol=XRPBTC,,,,,,2026-09-07,1,fresh
ZECUSDT,ZEC/USDT,Gold,Unknown,No,Unknown → Gold (Bullish),,,,0,D Ignore,9,58,"Two-color confirmation did not come immediately after Gray — large-cap stability, top market cap, clean transition, high volume",https://www.tradingview.com/chart/?symbol=ZECUSDT,,,,,,2026-09-07,1,fresh
WLDBTC,WLD/BTC,Blue,Unknown,No,Unknown → Blue (Bearish),,,,0,D Ignore,51,39,"Two-color confirmation did not come immediately after Gray — large-cap stability, top market cap, clean transition, high volume",https://www.tradingview.com/chart/?symbol=WLDBTC,,,,,,2026-09-07,1,fresh
DOGEUSDT,DOGE/USDT,Gold,Unknown,No,Unknown → Gold (Bullish),,,,0,D Ignore,11,4,"Two-color confirmation did not come immediately after Gray — large-cap stability, top market cap, clean transition, high volume",https://www.tradingview.com/chart/?symbol=DOGEUSDT,,,,,,2026-09-07,1,fresh
DOGEBTC,DOGE/BTC,Blue,Unknown,No,Unknown → Blue (Bearish),,,,0,D Ignore,11,79,"Two-color confirmation did not come immediately after Gray — large-cap stability, top market cap, clean transition, high volume",https://www.tradingview.com/chart/?symbol=DOGEBTC,,,,,,2026-09-07,1,fresh
MARSCOINUSDT,MARSCOIN/USDT,Unknown,Unknown,No,Unknown → Unknown (A),,,,0,D Ignore,217,,Not enough candles: 5 — not eligible for AI research,https://www.tradingview.com/chart/?symbol=BINANCE:MARSCOINUSDT,,,,,,2026-09-07,1,fresh
UNIUSDT,UNI/USDT,Gold,Unknown,No,Unknown → Gold (Bullish),,,,0,D Ignore,23,55,"Two-color confirmation did not come immediately after Gray — large-cap stability, top market cap, clean transition, high volume",https://www.tradingview.com/chart/?symbol=UNIUSDT,,,,,,2026-09-07,1,fresh
UNIBTC,UNI/BTC,Gold,Unknown,No,Unknown → Gold (Bullish),,,,0,D Ignore,23,12,"Two-color confirmation did not come immediately after Gray — large-cap stability, top market cap, clean transition, high volume",https://www.tradingview.com/chart/?symbol=UNIBTC,,,,,,2026-09-07,1,fresh
PUMPUSDT,PUMP/USDT,Gold,Unknown,No,Unknown → Gold (Bullish),,,,0,D Ignore,52,44,"Two-color confirmation did not come immediately after Gray — large-cap stability, top market cap, clean transition, high volume",https://www.tradingview.com/chart/?symbol=PUMPUSDT,,,,,,2026-09-07,1,fresh
ARBBTC,ARB/BTC,Gold,Unknown,No,Unknown → Gold (Bullish),,,,0,D Ignore,69,3,"Two-color confirmation did not come immediately after Gray — large-cap stability, top market cap, clean transition, high volume",https://www.tradingview.com/chart/?symbol=ARBBTC,,,,,,2026-09-07,1,fresh
ARBUSDT,ARB/USDT,Gold,Unknown,No,Unknown → Gold (Bullish),,,,0,D Ignore,69,6,"Two-color confirmation did not come immediately after Gray — large-cap stability, top market cap, clean transition, high volume",https://www.tradingview.com/chart/?symbol=ARBUSDT,,,,,,2026-09-07,1,fresh
LINKUSDT,LINK/USDT,Gold,Unknown,No,Unknown → Gold (Bullish),,,,0,D Ignore,15,24,"Two-color confirmation did not come immediately after Gray — large-cap stability, top market cap, clean transition, high volume",https://www.tradingview.com/chart/?symbol=LINKUSDT,,,,,,2026-09-07,1,fresh
LINKBTC,LINK/BTC,Gold,Unknown,No,Unknown → Gold (Bullish),,,,0,D Ignore,15,55,"Two-color confirmation did not come immediately after Gray — large-cap stability, top market cap, clean transition, high volume",https://www.tradingview.com/chart/?symbol=LINKBTC,,,,,,2026-09-07,1,fresh
NEARUSDT,NEAR/USDT,Gold,Unknown,No,Unknown → Gold (Bullish),,,,0,D Ignore,33,3,"Two-color confirmation did not come immediately after Gray — large-cap stability, top market cap, clean transition",https://www.tradingview.com/chart/?symbol=NEARUSDT,,,,,,2026-09-07,1,fresh
NEARBTC,NEAR/BTC,Blue,Unknown,No,Unknown → Blue (Bearish),,,,0,D Ignore,33,32,"Two-color confirmation did not come immediately after Gray — large-cap stability, top market cap, clean transition",https://www.tradingview.com/chart/?symbol=NEARBTC,,,,,,2026-09-07,1,fresh
AVAXBTC,AVAX/BTC,Blue,Unknown,No,Unknown → Blue (Bearish),,,,0,D Ignore,29,163,"Two-color confirmation did not come immediately after Gray — large-cap stability, top market cap, clean transition",https://www.tradingview.com/chart/?symbol=AVAXBTC,,,,,,2026-09-07,1,fresh
AVAXUSDT,AVAX/USDT,Gold,Unknown,No,Unknown → Gold (Bullish),,,,0,D Ignore,29,2,"Two-color confirmation did not come immediately after Gray — large-cap stability, top market cap, clean transition",https://www.tradingview.com/chart/?symbol=AVAXUSDT,,,,,,2026-09-07,1,fresh
LTCUSDT,LTC/USDT,Gold,Unknown,No,Unknown → Gold (Bullish),,,,0,D Ignore,24,14,"Two-color confirmation did not come immediately after Gray — large-cap stability, top market cap, clean transition",https://www.tradingview.com/chart/?symbol=LTCUSDT,,,,,,2026-09-07,1,fresh
LTCBTC,LTC/BTC,Blue,Unknown,No,Unknown → Blue (Bearish),,,,0,D Ignore,24,24,"Two-color confirmation did not come immediately after Gray — large-cap stability, top market cap, clean transition",https://www.tradingview.com/chart/?symbol=LTCBTC,,,,,,2026-09-07,1,fresh
TAOBTC,TAO/BTC,Blue,Unknown,No,Unknown → Blue (Bearish),,,,0,D Ignore,40,69,"Two-color confirmation did not come immediately after Gray — large-cap stability, top market cap, clean transition",https://www.tradingview.com/chart/?symbol=TAOBTC,,,,,,2026-09-07,1,fresh
TAOUSDT,TAO/USDT,Gold,Unknown,No,Unknown → Gold (Bullish),,,,0,D Ignore,40,4,"Two-color confirmation did not come immediately after Gray — large-cap stability, top market cap, clean transition",https://www.tradingview.com/chart/?symbol=TAOUSDT,,,,,,2026-09-07,1,fresh
ADAUSDT,ADA/USDT,Gold,Unknown,No,Unknown → Gold (Bullish),,,,0,D Ignore,18,15,"Two-color confirmation did not come immediately after Gray — large-cap stability, top market cap, clean transition",https://www.tradingview.com/chart/?symbol=ADAUSDT,,,,,,2026-09-07,1,fresh
DASHBTC,DASH/BTC,Gold,Unknown,No,Unknown → Gold (Bullish),,,,0,D Ignore,84,4,"Two-color confirmation did not come immediately after Gray — large-cap stability, top market cap, clean transition",https://www.tradingview.com/chart/?symbol=DASHBTC,,,,,,2026-09-07,1,fresh
DASHUSDT,DASH/USDT,Gold,Unknown,No,Unknown → Gold (Bullish),,,,0,D Ignore,84,10,"Two-color confirmation did not come immediately after Gray — large-cap stability, top market cap, clean transition",https://www.tradingview.com/chart/?symbol=DASHUSDT,,,,,,2026-09-07,1,fresh
DOTUSDT,DOT/USDT,Gray,Unknown,No,Unknown → Gray (Gray),,,,0,D Ignore,49,6,"Latest two closed candles are not same Gold/Blue color — large-cap stability, top market cap, clean transition",https://www.tradingview.com/chart/?symbol=DOTUSDT,,,,,,2026-09-07,1,fresh
INJBTC,INJ/BTC,Blue,Unknown,No,Unknown → Blue (Bearish),,,,0,D Ignore,93,21,"Two-color confirmation did not come immediately after Gray — large-cap stability, top market cap, clean transition",https://www.tradingview.com/chart/?symbol=INJBTC,,,,,,2026-09-07,1,fresh
INJUSDT,INJ/USDT,Gold,Unknown,No,Unknown → Gold (Bullish),,,,0,D Ignore,93,13,"Two-color confirmation did not come immediately after Gray — large-cap stability, top market cap, clean transition",https://www.tradingview.com/chart/?symbol=INJUSDT,,,,,,2026-09-07,1,fresh
ENAUSDT,ENA/USDT,Gold,Unknown,No,Unknown → Gold (Bullish),,,,0,D Ignore,55,18,"Two-color confirmation did not come immediately after Gray — large-cap stability, top market cap, clean transition",https://www.tradingview.com/chart/?symbol=ENAUSDT,,,,,,2026-09-07,1,fresh
TRXUSDT,TRX/USDT,Gold,Unknown,No,Unknown → Gold (Bullish),,,,0,D Ignore,8,26,"Two-color confirmation did not come immediately after Gray — large-cap stability, top market cap, clean transition",https://www.tradingview.com/chart/?symbol=TRXUSDT,,,,,,2026-09-07,1,fresh
DOTBTC,DOT/BTC,Blue,Unknown,No,Unknown → Blue (Bearish),,,,0,D Ignore,49,170,"Two-color confirmation did not come immediately after Gray — large-cap stability, top market cap, clean transition",https://www.tradingview.com/chart/?symbol=DOTBTC,,,,,,2026-09-07,1,fresh
TRXBTC,TRX/BTC,Blue,Unknown,No,Unknown → Blue (Bearish),,,,0,D Ignore,8,15,"Two-color confirmation did not come immediately after Gray — large-cap stability, top market cap, clean transition",https://www.tradingview.com/chart/?symbol=TRXBTC,,,,,,2026-09-07,1,fresh
XLMUSDT,XLM/USDT,Gray,Unknown,No,Unknown → Gray (Gray),,,,0,D Ignore,19,5,"Latest two closed candles are not same Gold/Blue color — large-cap stability, top market cap, clean transition",https://www.tradingview.com/chart/?symbol=XLMUSDT,,,,,,2026-09-07,1,fresh
ADABTC,ADA/BTC,Blue,Unknown,No,Unknown → Blue (Bearish),,,,0,D Ignore,18,10,"Two-color confirmation did not come immediately after Gray — large-cap stability, top market cap, clean transition",https://www.tradingview.com/chart/?symbol=ADABTC,,,,,,2026-09-07,1,fresh
ICPUSDT,ICP/USDT,Gold,Unknown,No,Unknown → Gold (Bullish),,,,0,D Ignore,54,8,"Two-color confirmation did not come immediately after Gray — large-cap stability, top market cap, clean transition",https://www.tradingview.com/chart/?symbol=ICPUSDT,,,,,,2026-09-07,1,fresh
ICPBTC,ICP/BTC,Blue,Unknown,No,Unknown → Blue (Bearish),,,,0,D Ignore,54,55,"Two-color confirmation did not come immediately after Gray — large-cap stability, top market cap, clean transition",https://www.tradingview.com/chart/?symbol=ICPBTC,,,,,,2026-09-07,1,fresh
TRUMPUSDT,TRUMP/USDT,Gold,Unknown,No,Unknown → Gold (Bullish),,,,0,D Ignore,96,12,"Two-color confirmation did not come immediately after Gray — large-cap stability, top market cap, clean transition",https://www.tradingview.com/chart/?symbol=TRUMPUSDT,,,,,,2026-09-07,1,fresh
PEPEUSDT,PEPE/USDT,Gold,Unknown,No,Unknown → Gold (Bullish),,,,0,D Ignore,57,15,"Two-color confirmation did not come immediately after Gray — large-cap stability, top market cap, clean transition",https://www.tradingview.com/chart/?symbol=PEPEUSDT,,,,,,2026-09-07,1,fresh
ASTERUSDT,ASTER/USDT,Gold,Unknown,No,Unknown → Gold (Bullish),,,,0,D Ignore,44,13,"Two-color confirmation did not come immediately after Gray — large-cap stability, top market cap, clean transition",https://www.tradingview.com/chart/?symbol=ASTERUSDT,,,,,,2026-09-07,1,fresh
HEMIUSDT,HEMI/USDT,Gold,Unknown,No,Unknown → Gold (Bullish),,,,0,D Ignore,1328,19,"Two-color confirmation did not come immediately after Gray — small-cap potential, small-cap high risk, clean transition",https://www.tradingview.com/chart/?symbol=HEMIUSDT,,,,,,2026-09-07,1,fresh
FETBTC,FET/BTC,Blue,Unknown,No,Unknown → Blue (Bearish),,,,0,D Ignore,116,62,Two-color confirmation did not come immediately after Gray — clean transition,https://www.tradingview.com/chart/?symbol=FETBTC,,,,,,2026-09-07,1,fresh
FETUSDT,FET/USDT,Gray,Unknown,No,Unknown → Gray (Gray),,,,0,D Ignore,116,2,Latest two closed candles are not same Gold/Blue color — clean transition,https://www.tradingview.com/chart/?symbol=FETUSDT,,,,,,2026-09-07,1,fresh
UUSDT,U/USDT,Blue,Unknown,No,Unknown → Blue (Bearish),,,,0,D Ignore,64,32,"Two-color confirmation did not come immediately after Gray — large-cap stability, top market cap, clean transition",https://www.tradingview.com/chart/?symbol=UUSDT,,,,,,2026-09-07,1,fresh
ONDOUSDT,ONDO/USDT,Gold,Unknown,No,Unknown → Gold (Bullish),,,,0,D Ignore,48,2,"Two-color confirmation did not come immediately after Gray — large-cap stability, top market cap, clean transition",https://www.tradingview.com/chart/?symbol=ONDOUSDT,,,,,,2026-09-07,1,fresh
FILUSDT,FIL/USDT,Gray,Unknown,No,Unknown → Gray (Gray),,,,0,D Ignore,91,3,"Latest two closed candles are not same Gold/Blue color — large-cap stability, top market cap, clean transition",https://www.tradingview.com/chart/?symbol=FILUSDT,,,,,,2026-09-07,1,fresh
SAHARAUSDT,SAHARA/USDT,Blue,Unknown,No,Unknown → Blue (Bearish),,,,0,D Ignore,623,84,"Two-color confirmation did not come immediately after Gray — small-cap potential, small-cap high risk, clean transition",https://www.tradingview.com/chart/?symbol=SAHARAUSDT,,,,,,2026-09-07,1,fresh
FILBTC,FIL/BTC,Blue,Unknown,No,Unknown → Blue (Bearish),,,,0,D Ignore,91,91,"Two-color confirmation did not come immediately after Gray — large-cap stability, top market cap, clean transition",https://www.tradingview.com/chart/?symbol=FILBTC,,,,,,2026-09-07,1,fresh
SOPHUSDT,SOPH/USDT,Gray,Unknown,No,Unknown → Gray (Gray),,,,0,D Ignore,635,0,"Latest two closed candles are not same Gold/Blue color — small-cap potential, small-cap high risk, fresh signal, clean transition",https://www.tradingview.com/chart/?symbol=SOPHUSDT,,,,,,2026-09-07,1,fresh
ZKCUSDT,ZKC/USDT,Gray,Unknown,No,Unknown → Gray (Gray),,,,0,D Ignore,1044,8,"Latest two closed candles are not same Gold/Blue color — small-cap potential, small-cap high risk, clean transition",https://www.tradingview.com/chart/?symbol=ZKCUSDT,,,,,,2026-09-07,1,fresh
AEROUSDT,AERO/USDT,Unknown,Unknown,No,Unknown → Unknown (A),,,,0,D Ignore,94,,Not enough candles: 54 — not eligible for AI research,https://www.tradingview.com/chart/?symbol=BINANCE:AEROUSDT,,,,,,2026-09-07,1,fresh
BCHUSDT,BCH/USDT,Gray,Unknown,No,Unknown → Gray (Gray),,,,0,D Ignore,20,16,"Latest two closed candles are not same Gold/Blue color — large-cap stability, top market cap, clean transition",https://www.tradingview.com/chart/?symbol=BCHUSDT,,,,,,2026-09-07,1,fresh
BCHBTC,BCH/BTC,Blue,Unknown,No,Unknown → Blue (Bearish),,,,0,D Ignore,20,170,"Two-color confirmation did not come immediately after Gray — large-cap stability, top market cap, clean transition",https://www.tradingview.com/chart/?symbol=BCHBTC,,,,,,2026-09-07,1,fresh
AAVEUSDT,AAVE/USDT,Gold,Unknown,No,Unknown → Gold (Bullish),,,,0,D Ignore,46,55,"Two-color confirmation did not come immediately after Gray — large-cap stability, top market cap, clean transition",https://www.tradingview.com/chart/?symbol=AAVEUSDT,,,,,,2026-09-07,1,fresh
PENGUUSDT,PENGU/USDT,Gold,Unknown,No,Unknown → Gold (Bullish),,,,0,D Ignore,104,15,Two-color confirmation did not come immediately after Gray — clean transition,https://www.tradingview.com/chart/?symbol=PENGUUSDT,,,,,,2026-09-07,1,fresh
ACEUSDT,ACE/USDT,Gold,Unknown,No,Unknown → Gold (Bullish),,,,0,D Ignore,832,25,"Two-color confirmation did not come immediately after Gray — small-cap potential, small-cap high risk, clean transition",https://www.tradingview.com/chart/?symbol=ACEUSDT,,,,,,2026-09-07,1,fresh
HBARUSDT,HBAR/USDT,Gold,Unknown,No,Unknown → Gold (Bullish),,,,0,D Ignore,28,0,"Latest two closed candles are not same Gold/Blue color — large-cap stability, top market cap, fresh signal, clean transition",https://www.tradingview.com/chart/?symbol=HBARUSDT,,,,,,2026-09-07,1,fresh
AAVEBTC,AAVE/BTC,Gold,Unknown,No,Unknown → Gold (Bullish),,,,0,D Ignore,46,68,"Two-color confirmation did not come immediately after Gray — large-cap stability, top market cap, clean transition",https://www.tradingview.com/chart/?symbol=AAVEBTC,,,,,,2026-09-07,1,fresh
HBARBTC,HBAR/BTC,Blue,Unknown,No,Unknown → Blue (Bearish),,,,0,D Ignore,28,70,"Two-color confirmation did not come immediately after Gray — large-cap stability, top market cap, clean transition",https://www.tradingview.com/chart/?symbol=HBARBTC,,,,,,2026-09-07,1,fresh
XPLUSDT,XPL/USDT,Gray,Unknown,No,Unknown → Gray (Gray),,,,0,D Ignore,151,14,Latest two closed candles are not same Gold/Blue color — clean transition,https://www.tradingview.com/chart/?symbol=XPLUSDT,,,,,,2026-09-07,1,fresh
CAKEBTC,CAKE/BTC,Gold,Unknown,No,Unknown → Gold (Bullish),,,,0,D Ignore,89,89,"Two-color confirmation did not come immediately after Gray — large-cap stability, top market cap, clean transition",https://www.tradingview.com/chart/?symbol=CAKEBTC,,,,,,2026-09-07,1,fresh
CRCLBUSDT,CRCLB/USDT,Unknown,Unknown,No,Unknown → Unknown (A),,,,0,D Ignore,275,,Not enough candles: 90 — not eligible for AI research,https://www.tradingview.com/chart/?symbol=BINANCE:CRCLBUSDT,,,,,,2026-09-07,1,fresh
CAKEUSDT,CAKE/USDT,Gold,Unknown,No,Unknown → Gold (Bullish),,,,0,D Ignore,89,37,"Two-color confirmation did not come immediately after Gray — large-cap stability, top market cap, clean transition",https://www.tradingview.com/chart/?symbol=CAKEUSDT,,,,,,2026-09-07,1,fresh
CFGUSDT,CFG/USDT,Blue,Unknown,No,Unknown → Blue (Bearish),,,,0,D Ignore,458,72,"Two-color confirmation did not come immediately after Gray — small-cap potential, small-cap high risk, clean transition",https://www.tradingview.com/chart/?symbol=CFGUSDT,,,,,,2026-09-07,1,fresh
MSTRBUSDT,MSTRB/USDT,Unknown,Unknown,No,Unknown → Unknown (A),,,,0,D Ignore,,,Not enough candles: 78 — not eligible for AI research,https://www.tradingview.com/chart/?symbol=BINANCE:MSTRBUSDT,,,,,,2026-09-07,1,fresh
VIRTUALUSDT,VIRTUAL/USDT,Gold,Unknown,No,Unknown → Gold (Bullish),,,,0,D Ignore,112,14,Two-color confirmation did not come immediately after Gray — clean transition,https://www.tradingview.com/chart/?symbol=VIRTUALUSDT,,,,,,2026-09-07,1,fresh
RAYUSDT,RAY/USDT,Gold,Unknown,No,Unknown → Gold (Bullish),,,,0,D Ignore,132,15,Two-color confirmation did not come immediately after Gray — clean transition,https://www.tradingview.com/chart/?symbol=RAYUSDT,,,,,,2026-09-07,1,fresh
GRAMUSDT,GRAM/USDT,Unknown,Unknown,No,Unknown → Unknown (A),,,,0,D Ignore,27,,Not enough candles: 69 — not eligible for AI research,https://www.tradingview.com/chart/?symbol=BINANCE:GRAMUSDT,,,,,,2026-09-07,1,fresh
PENDLEBTC,PENDLE/BTC,Gold,Unknown,No,Unknown → Gold (Bullish),,,,0,D Ignore,122,5,Two-color confirmation did not come immediately after Gray — clean transition,https://www.tradingview.com/chart/?symbol=PENDLEBTC,,,,,,2026-09-07,1,fresh
SOLVUSDT,SOLV/USDT,Gold,Unknown,No,Unknown → Gold (Bullish),,,,0,D Ignore,748,0,"Latest two closed candles are not same Gold/Blue color — small-cap potential, small-cap high risk, fresh signal, clean transition",https://www.tradingview.com/chart/?symbol=SOLVUSDT,,,,,,2026-09-07,1,fresh
PROMUSDT,PROM/USDT,Gold,Unknown,No,Unknown → Gold (Bullish),,,,0,D Ignore,277,49,Two-color confirmation did not come immediately after Gray — clean transition,https://www.tradingview.com/chart/?symbol=PROMUSDT,,,,,,2026-09-07,1,fresh
BONKUSDT,BONK/USDT,Blue,Unknown,No,Unknown → Blue (Bearish),,,,0,D Ignore,145,101,Two-color confirmation did not come immediately after Gray — clean transition,https://www.tradingview.com/chart/?symbol=BONKUSDT,,,,,,2026-09-07,1,fresh
OPUSDT,OP/USDT,Gray,Unknown,No,Unknown → Gray (Gray),,,,0,D Ignore,156,5,Latest two closed candles are not same Gold/Blue color — clean transition,https://www.tradingview.com/chart/?symbol=OPUSDT,,,,,,2026-09-07,1,fresh
TIAUSDT,TIA/USDT,Gold,Unknown,No,Unknown → Gold (Bullish),,,,0,D Ignore,118,0,"Latest two closed candles are not same Gold/Blue color — fresh signal, clean transition",https://www.tradingview.com/chart/?symbol=TIAUSDT,,,,,,2026-09-07,1,fresh
JSTUSDT,JST/USDT,Gold,Unknown,No,Unknown → Gold (Bullish),,,,0,D Ignore,79,71,"Two-color confirmation did not come immediately after Gray — large-cap stability, top market cap, clean transition",https://www.tradingview.com/chart/?symbol=JSTUSDT,,,,,,2026-09-07,1,fresh
ZENUSDT,ZEN/USDT,Gold,Unknown,No,Unknown → Gold (Bullish),,,,0,D Ignore,236,9,Two-color confirmation did not come immediately after Gray — clean transition,https://www.tradingview.com/chart/?symbol=ZENUSDT,,,,,,2026-09-07,1,fresh
ORCAUSDT,ORCA/USDT,Gold,Unknown,No,Unknown → Gold (Bullish),,,,0,D Ignore,295,9,Two-color confirmation did not come immediately after Gray — clean transition,https://www.tradingview.com/chart/?symbol=ORCAUSDT,,,,,,2026-09-07,1,fresh
ZROUSDT,ZRO/USDT,Gold,Unknown,No,Unknown → Gold (Bullish),,,,0,D Ignore,119,3,Two-color confirmation did not come immediately after Gray — clean transition,https://www.tradingview.com/chart/?symbol=ZROUSDT,,,,,,2026-09-07,1,fresh
IOSTUSDT,IOST/USDT,Gray,Unknown,No,Unknown → Gray (Gray),,,,0,D Ignore,594,0,"Latest two closed candles are not same Gold/Blue color — small-cap potential, small-cap high risk, fresh signal, clean transition",https://www.tradingview.com/chart/?symbol=IOSTUSDT,,,,,,2026-09-07,1,fresh
APTUSDT,APT/USDT,Blue,Unknown,No,Unknown → Blue (Bearish),,,,0,D Ignore,103,97,Two-color confirmation did not come immediately after Gray — clean transition,https://www.tradingview.com/chart/?symbol=APTUSDT,,,,,,2026-09-07,1,fresh
MUBUSDT,MUB/USDT,Unknown,Unknown,No,Unknown → Unknown (A),,,,0,D Ignore,529,,Not enough candles: 90 — not eligible for AI research,https://www.tradingview.com/chart/?symbol=BINANCE:MUBUSDT,,,,,,2026-09-07,1,fresh
PENDLEUSDT,PENDLE/USDT,Gold,Unknown,No,Unknown → Gold (Bullish),,,,0,D Ignore,122,15,Two-color confirmation did not come immediately after Gray — clean transition,https://www.tradingview.com/chart/?symbol=PENDLEUSDT,,,,,,2026-09-07,1,fresh
CATIUSDT,CATI/USDT,Gold,Unknown,No,Unknown → Gold (Bullish),,,,0,D Ignore,528,10,"Two-color confirmation did not come immediately after Gray — small-cap potential, small-cap high risk, clean transition",https://www.tradingview.com/chart/?symbol=CATIUSDT,,,,,,2026-09-07,1,fresh
LUNAUSDT,LUNA/USDT,Gray,Unknown,No,Unknown → Gray (Gray),,,,0,D Ignore,613,1,"Latest two closed candles are not same Gold/Blue color — small-cap potential, small-cap high risk, fresh signal, clean transition",https://www.tradingview.com/chart/?symbol=LUNAUSDT,,,,,,2026-09-07,1,fresh
RENDERBTC,RENDER/BTC,Blue,Unknown,No,Unknown → Blue (Bearish),,,,0,D Ignore,85,56,"Two-color confirmation did not come immediately after Gray — large-cap stability, top market cap, clean transition",https://www.tradingview.com/chart/?symbol=RENDERBTC,,,,,,2026-09-07,1,fresh
RENDERUSDT,RENDER/USDT,Gray,Unknown,No,Unknown → Gray (Gray),,,,0,D Ignore,85,1,"Latest two closed candles are not same Gold/Blue color — large-cap stability, top market cap, fresh signal, clean transition",https://www.tradingview.com/chart/?symbol=RENDERUSDT,,,,,,2026-09-07,1,fresh
SNDKBUSDT,SNDKB/USDT,Unknown,Unknown,No,Unknown → Unknown (A),,,,0,D Ignore,636,,Not enough candles: 90 — not eligible for AI research,https://www.tradingview.com/chart/?symbol=BINANCE:SNDKBUSDT,,,,,,2026-09-07,1,fresh
CHIPUSDT,CHIP/USDT,Gold,Unknown,No,Unknown → Gold (Bullish),,,,0,D Ignore,271,4,Two-color confirmation did not come immediately after Gray — clean transition,https://www.tradingview.com/chart/?symbol=CHIPUSDT,,,,,,2026-09-07,1,fresh
ZAMAUSDT,ZAMA/USDT,Gold,Unknown,No,Unknown → Gold (Bullish),,,,0,D Ignore,234,170,Two-color confirmation did not come immediately after Gray — clean transition,https://www.tradingview.com/chart/?symbol=ZAMAUSDT,,,,,,2026-09-07,1,fresh
COTIUSDT,COTI/USDT,Gold,Unknown,No,Unknown → Gold (Bullish),,,,0,D Ignore,463,35,"Two-color confirmation did not come immediately after Gray — small-cap potential, small-cap high risk, clean transition",https://www.tradingview.com/chart/?symbol=COTIUSDT,,,,,,2026-09-07,1,fresh
SEIUSDT,SEI/USDT,Gray,Unknown,No,Unknown → Gray (Gray),,,,0,D Ignore,129,4,Latest two closed candles are not same Gold/Blue color — clean transition,https://www.tradingview.com/chart/?symbol=SEIUSDT,,,,,,2026-09-07,1,fresh
LUNCUSDT,LUNC/USDT,Blue,Unknown,No,Unknown → Blue (Bearish),,,,0,D Ignore,141,62,Two-color confirmation did not come immediately after Gray — clean transition,https://www.tradingview.com/chart/?symbol=LUNCUSDT,,,,,,2026-09-07,1,fresh
WLFIUSDT,WLFI/USDT,Blue,Unknown,No,Unknown → Blue (Bearish),,,,0,D Ignore,50,0,"Latest two closed candles are not same Gold/Blue color — large-cap stability, top market cap, fresh signal, clean transition",https://www.tradingview.com/chart/?symbol=WLFIUSDT,,,,,,2026-09-07,1,fresh
QQQBUSDT,QQQB/USDT,Unknown,Unknown,No,Unknown → Unknown (A),,,,0,D Ignore,,,Not enough candles: 71 — not eligible for AI research,https://www.tradingview.com/chart/?symbol=BINANCE:QQQBUSDT,,,,,,2026-09-07,1,fresh
LDOUSDT,LDO/USDT,Gold,Unknown,No,Unknown → Gold (Bullish),,,,0,D Ignore,130,17,Two-color confirmation did not come immediately after Gray — clean transition,https://www.tradingview.com/chart/?symbol=LDOUSDT,,,,,,2026-09-07,1,fresh
ETHFIUSDT,ETHFI/USDT,Gold,Unknown,No,Unknown → Gold (Bullish),,,,0,D Ignore,101,26,Two-color confirmation did not come immediately after Gray — clean transition,https://www.tradingview.com/chart/?symbol=ETHFIUSDT,,,,,,2026-09-07,1,fresh
TUTUSDT,TUT/USDT,Gray,Unknown,No,Unknown → Gray (Gray),,,,0,D Ignore,849,0,"Latest two closed candles are not same Gold/Blue color — small-cap potential, small-cap high risk, fresh signal, clean transition",https://www.tradingview.com/chart/?symbol=TUTUSDT,,,,,,2026-09-07,1,fresh
MORPHOUSDT,MORPHO/USDT,Gold,Unknown,No,Unknown → Gold (Bullish),,,,0,D Ignore,53,22,"Two-color confirmation did not come immediately after Gray — large-cap stability, top market cap, clean transition",https://www.tradingview.com/chart/?symbol=MORPHOUSDT,,,,,,2026-09-07,1,fresh
CRVUSDT,CRV/USDT,Gold,Unknown,No,Unknown → Gold (Bullish),,,,0,D Ignore,100,28,"Two-color confirmation did not come immediately after Gray — large-cap stability, top market cap, clean transition",https://www.tradingview.com/chart/?symbol=CRVUSDT,,,,,,2026-09-07,1,fresh
SOXLBUSDT,SOXLB/USDT,Unknown,Unknown,No,Unknown → Unknown (A),,,,0,D Ignore,837,,Not enough candles: 64 — not eligible for AI research,https://www.tradingview.com/chart/?symbol=BINANCE:SOXLBUSDT,,,,,,2026-09-07,1,fresh
SHIBUSDT,SHIB/USDT,Gold,Unknown,No,Unknown → Gold (Bullish),,,,0,D Ignore,32,13,"Two-color confirmation did not come immediately after Gray — large-cap stability, top market cap, clean transition",https://www.tradingview.com/chart/?symbol=SHIBUSDT,,,,,,2026-09-07,1,fresh
GIGGLEUSDT,GIGGLE/USDT,Gold,Unknown,No,Unknown → Gold (Bullish),,,,0,D Ignore,565,37,"Two-color confirmation did not come immediately after Gray — small-cap potential, small-cap high risk, clean transition",https://www.tradingview.com/chart/?symbol=GIGGLEUSDT,,,,,,2026-09-07,1,fresh
POLUSDT,POL/USDT,Gold,Unknown,No,Unknown → Gold (Bullish),,,,0,D Ignore,71,16,"Two-color confirmation did not come immediately after Gray — large-cap stability, top market cap, clean transition",https://www.tradingview.com/chart/?symbol=POLUSDT,,,,,,2026-09-07,1,fresh
FIDAUSDT,FIDA/USDT,Gray,Unknown,No,Unknown → Gray (Gray),,,,0,D Ignore,843,0,"Latest two closed candles are not same Gold/Blue color — small-cap potential, small-cap high risk, fresh signal, clean transition",https://www.tradingview.com/chart/?symbol=FIDAUSDT,,,,,,2026-09-07,1,fresh
STXUSDT,STX/USDT,Gold,Unknown,No,Unknown → Gold (Bullish),,,,0,D Ignore,107,11,Two-color confirmation did not come immediately after Gray — clean transition,https://www.tradingview.com/chart/?symbol=STXUSDT,,,,,,2026-09-07,1,fresh
STRKUSDT,STRK/USDT,Gray,Unknown,No,Unknown → Gray (Gray),,,,0,D Ignore,167,0,"Latest two closed candles are not same Gold/Blue color — fresh signal, clean transition",https://www.tradingview.com/chart/?symbol=STRKUSDT,,,,,,2026-09-07,1,fresh
ETCBTC,ETC/BTC,Blue,Unknown,No,Unknown → Blue (Bearish),,,,0,D Ignore,65,62,"Two-color confirmation did not come immediately after Gray — large-cap stability, top market cap, clean transition",https://www.tradingview.com/chart/?symbol=ETCBTC,,,,,,2026-09-07,1,fresh
ETCUSDT,ETC/USDT,Gold,Unknown,No,Unknown → Gold (Bullish),,,,0,D Ignore,65,2,"Two-color confirmation did not come immediately after Gray — large-cap stability, top market cap, clean transition",https://www.tradingview.com/chart/?symbol=ETCUSDT,,,,,,2026-09-07,1,fresh
WIFUSDT,WIF/USDT,Gold,Unknown,No,Unknown → Gold (Bullish),,,,0,D Ignore,168,12,Two-color confirmation did not come immediately after Gray — clean transition,https://www.tradingview.com/chart/?symbol=WIFUSDT,,,,,,2026-09-07,1,fresh
SKHYBUSDT,SKHYB/USDT,Unknown,Unknown,No,Unknown → Unknown (A),,,,0,D Ignore,746,,Not enough candles: 58 — not eligible for AI research,https://www.tradingview.com/chart/?symbol=BINANCE:SKHYBUSDT,,,,,,2026-09-07,1,fresh
JTOUSDT,JTO/USDT,Blue,Unknown,No,Unknown → Blue (Bearish),,,,0,D Ignore,165,31,Two-color confirmation did not come immediately after Gray — clean transition,https://www.tradingview.com/chart/?symbol=JTOUSDT,,,,,,2026-09-07,1,fresh
STXBTC,STX/BTC,Gold,Unknown,No,Unknown → Gold (Bullish),,,,0,D Ignore,107,7,Two-color confirmation did not come immediately after Gray — clean transition,https://www.tradingview.com/chart/?symbol=STXBTC,,,,,,2026-09-07,1,fresh
SPCXBUSDT,SPCXB/USDT,Unknown,Unknown,No,Unknown → Unknown (A),,,,0,D Ignore,392,,Not enough candles: 89 — not eligible for AI research,https://www.tradingview.com/chart/?symbol=BINANCE:SPCXBUSDT,,,,,,2026-09-07,1,fresh
MITOUSDT,MITO/USDT,Blue,Unknown,No,Unknown → Blue (Bearish),,,,0,D Ignore,1399,6,"Two-color confirmation did not come immediately after Gray — small-cap potential, small-cap high risk, clean transition",https://www.tradingview.com/chart/?symbol=MITOUSDT,,,,,,2026-09-07,1,fresh
ALGOUSDT,ALGO/USDT,Gray,Unknown,No,Unknown → Gray (Gray),,,,0,D Ignore,78,13,"Latest two closed candles are not same Gold/Blue color — large-cap stability, top market cap, clean transition",https://www.tradingview.com/chart/?symbol=ALGOUSDT,,,,,,2026-09-07,1,fresh
FORMUSDT,FORM/USDT,Gold,Unknown,No,Unknown → Gold (Bullish),,,,0,D Ignore,274,15,Two-color confirmation did not come immediately after Gray — clean transition,https://www.tradingview.com/chart/?symbol=FORMUSDT,,,,,,2026-09-07,1,fresh
ONGUSDT,ONG/USDT,Gold,Unknown,No,Unknown → Gold (Bullish),,,,0,D Ignore,485,18,"Two-color confirmation did not come immediately after Gray — small-cap potential, small-cap high risk, clean transition",https://www.tradingview.com/chart/?symbol=ONGUSDT,,,,,,2026-09-07,1,fresh
DEXEUSDT,DEXE/USDT,Blue,Unknown,No,Unknown → Blue (Bearish),,,,0,D Ignore,366,40,"Two-color confirmation did not come immediately after Gray — small-cap potential, small-cap high risk, clean transition",https://www.tradingview.com/chart/?symbol=DEXEUSDT,,,,,,2026-09-07,1,fresh
ORDIUSDT,ORDI/USDT,Gold,Unknown,No,Unknown → Gold (Bullish),,,,0,D Ignore,292,17,Two-color confirmation did not come immediately after Gray — clean transition,https://www.tradingview.com/chart/?symbol=ORDIUSDT,,,,,,2026-09-07,1,fresh
ATOMUSDT,ATOM/USDT,Gray,Unknown,No,Unknown → Gray (Gray),,,,0,D Ignore,80,2,"Latest two closed candles are not same Gold/Blue color — large-cap stability, top market cap, clean transition",https://www.tradingview.com/chart/?symbol=ATOMUSDT,,,,,,2026-09-07,1,fresh
ATOMBTC,ATOM/BTC,Blue,Unknown,No,Unknown → Blue (Bearish),,,,0,D Ignore,80,61,"Two-color confirmation did not come immediately after Gray — large-cap stability, top market cap, clean transition",https://www.tradingview.com/chart/?symbol=ATOMBTC,,,,,,2026-09-07,1,fresh
BICOUSDT,BICO/USDT,Gold,Unknown,No,Unknown → Gold (Bullish),,,,0,D Ignore,788,31,"Two-color confirmation did not come immediately after Gray — small-cap potential, small-cap high risk, clean transition",https://www.tradingview.com/chart/?symbol=BICOUSDT,,,,,,2026-09-07,1,fresh
ARKMUSDT,ARKM/USDT,Gray,Unknown,No,Unknown → Gray (Gray),,,,0,D Ignore,328,9,"Latest two closed candles are not same Gold/Blue color — small-cap potential, small-cap high risk, clean transition",https://www.tradingview.com/chart/?symbol=ARKMUSDT,,,,,,2026-09-07,1,fresh
BOMEUSDT,BOME/USDT,Gold,Unknown,No,Unknown → Gold (Bullish),,,,0,D Ignore,399,39,"Two-color confirmation did not come immediately after Gray — small-cap potential, small-cap high risk, clean transition",https://www.tradingview.com/chart/?symbol=BOMEUSDT,,,,,,2026-09-07,1,fresh
KAITOUSDT,KAITO/USDT,Blue,Unknown,No,Unknown → Blue (Bearish),,,,0,D Ignore,330,18,"Two-color confirmation did not come immediately after Gray — small-cap potential, small-cap high risk, clean transition",https://www.tradingview.com/chart/?symbol=KAITOUSDT,,,,,,2026-09-07,1,fresh
ZKUSDT,ZK/USDT,Gray,Unknown,No,Unknown → Gray (Gray),,,,0,D Ignore,259,2,Latest two closed candles are not same Gold/Blue color — clean transition,https://www.tradingview.com/chart/?symbol=ZKUSDT,,,,,,2026-09-07,1,fresh
EIGENUSDT,EIGEN/USDT,Gray,Unknown,No,Unknown → Gray (Gray),,,,0,D Ignore,177,1,"Latest two closed candles are not same Gold/Blue color — fresh signal, clean transition",https://www.tradingview.com/chart/?symbol=EIGENUSDT,,,,,,2026-09-07,1,fresh
MUBARAKUSDT,MUBARAK/USDT,Gold,Unknown,No,Unknown → Gold (Bullish),,,,0,D Ignore,668,31,"Two-color confirmation did not come immediately after Gray — small-cap potential, small-cap high risk, clean transition",https://www.tradingview.com/chart/?symbol=MUBARAKUSDT,,,,,,2026-09-07,1,fresh
PLUMEUSDT,PLUME/USDT,Gold,Unknown,No,Unknown → Gold (Bullish),,,,0,D Ignore,296,29,Two-color confirmation did not come immediately after Gray — clean transition,https://www.tradingview.com/chart/?symbol=PLUMEUSDT,,,,,,2026-09-07,1,fresh
MEGAUSDT,MEGA/USDT,Blue,Unknown,No,Unknown → Blue (Bearish),,,,0,D Ignore,487,102,"Two-color confirmation did not come immediately after Gray — small-cap potential, small-cap high risk, clean transition",https://www.tradingview.com/chart/?symbol=MEGAUSDT,,,,,,2026-09-07,1,fresh
MINAUSDT,MINA/USDT,Gold,Unknown,No,Unknown → Gold (Bullish),,,,0,D Ignore,269,13,Two-color confirmation did not come immediately after Gray — clean transition,https://www.tradingview.com/chart/?symbol=MINAUSDT,,,,,,2026-09-07,1,fresh
JASMYUSDT,JASMY/USDT,Gray,Unknown,No,Unknown → Gray (Gray),,,,0,D Ignore,174,9,Latest two closed candles are not same Gold/Blue color — clean transition,https://www.tradingview.com/chart/?symbol=JASMYUSDT,,,,,,2026-09-07,1,fresh
SUSHIUSDT,SUSHI/USDT,Gold,Unknown,No,Unknown → Gold (Bullish),,,,0,D Ignore,370,12,"Two-color confirmation did not come immediately after Gray — small-cap potential, small-cap high risk, clean transition",https://www.tradingview.com/chart/?symbol=SUSHIUSDT,,,,,,2026-09-07,1,fresh
PYTHUSDT,PYTH/USDT,Gold,Unknown,No,Unknown → Gold (Bullish),,,,0,D Ignore,117,17,Two-color confirmation did not come immediately after Gray — clean transition,https://www.tradingview.com/chart/?symbol=PYTHUSDT,,,,,,2026-09-07,1,fresh
KITEUSDT,KITE/USDT,Gray,Unknown,No,Unknown → Gray (Gray),,,,0,D Ignore,142,6,Latest two closed candles are not same Gold/Blue color — clean transition,https://www.tradingview.com/chart/?symbol=KITEUSDT,,,,,,2026-09-07,1,fresh
INTCBUSDT,INTCB/USDT,Unknown,Unknown,No,Unknown → Unknown (A),,,,0,D Ignore,,,Not enough candles: 78 — not eligible for AI research,https://www.tradingview.com/chart/?symbol=BINANCE:INTCBUSDT,,,,,,2026-09-07,1,fresh
USDEUSDT,USDE/USDT,Blue,Unknown,No,Unknown → Blue (Bearish),,,Yes,0,D Ignore,22,20,"Two-color confirmation did not come immediately after Gray — large-cap stability, top market cap, clean transition",https://www.tradingview.com/chart/?symbol=USDEUSDT,,,,,,2026-09-07,1,fresh
REUSDT,RE/USDT,Unknown,Unknown,No,Unknown → Unknown (A),,,,0,D Ignore,350,,Not enough candles: 83 — not eligible for AI research,https://www.tradingview.com/chart/?symbol=BINANCE:REUSDT,,,,,,2026-09-07,1,fresh
GALAUSDT,GALA/USDT,Blue,Unknown,No,Unknown → Blue (Bearish),,,,0,D Ignore,287,101,Two-color confirmation did not come immediately after Gray — clean transition,https://www.tradingview.com/chart/?symbol=GALAUSDT,,,,,,2026-09-07,1,fresh
ZKPUSDT,ZKP/USDT,Gray,Unknown,No,Unknown → Gray (Gray),,,,0,D Ignore,1235,1,"Latest two closed candles are not same Gold/Blue color — small-cap potential, small-cap high risk, fresh signal, clean transition",https://www.tradingview.com/chart/?symbol=ZKPUSDT,,,,,,2026-09-07,1,fresh
REZUSDT,REZ/USDT,Gray,Unknown,No,Unknown → Gray (Gray),,,,0,D Ignore,687,14,"Latest two closed candles are not same Gold/Blue color — small-cap potential, small-cap high risk, clean transition",https://www.tradingview.com/chart/?symbol=REZUSDT,,,,,,2026-09-07,1,fresh
RUNEUSDT,RUNE/USDT,Gold,Unknown,No,Unknown → Gold (Bullish),,,,0,D Ignore,203,37,Two-color confirmation did not come immediately after Gray — clean transition,https://www.tradingview.com/chart/?symbol=RUNEUSDT,,,,,,2026-09-07,1,fresh
ARUSDT,AR/USDT,Gold,Unknown,No,Unknown → Gold (Bullish),,,,0,D Ignore,180,12,Two-color confirmation did not come immediately after Gray — clean transition,https://www.tradingview.com/chart/?symbol=ARUSDT,,,,,,2026-09-07,1,fresh
DODOUSDT,DODO/USDT,Gray,Unknown,No,Unknown → Gray (Gray),,,,0,D Ignore,926,6,"Latest two closed candles are not same Gold/Blue color — small-cap potential, small-cap high risk, clean transition",https://www.tradingview.com/chart/?symbol=DODOUSDT,,,,,,2026-09-07,1,fresh
XVGUSDT,XVG/USDT,Gold,Unknown,No,Unknown → Gold (Bullish),,,,0,D Ignore,474,0,"Latest two closed candles are not same Gold/Blue color — small-cap potential, small-cap high risk, fresh signal, clean transition",https://www.tradingview.com/chart/?symbol=XVGUSDT,,,,,,2026-09-07,1,fresh
KORUBUSDT,KORUB/USDT,Unknown,Unknown,No,Unknown → Unknown (A),,,,0,D Ignore,,,Not enough candles: 49 — not eligible for AI research,https://www.tradingview.com/chart/?symbol=BINANCE:KORUBUSDT,,,,,,2026-09-07,1,fresh
FLOKIUSDT,FLOKI/USDT,Gold,Unknown,No,Unknown → Gold (Bullish),,,,0,D Ignore,,3,Two-color confirmation did not come immediately after Gray — clean transition,https://www.tradingview.com/chart/?symbol=FLOKIUSDT,,,,,,2026-09-07,1,fresh
EPICUSDT,EPIC/USDT,Blue,Unknown,No,Unknown → Blue (Bearish),,,,0,D Ignore,1106,13,"Two-color confirmation did not come immediately after Gray — small-cap potential, small-cap high risk, clean transition",https://www.tradingview.com/chart/?symbol=EPICUSDT,,,,,,2026-09-07,1,fresh
ENSUSDT,ENS/USDT,Gold,Unknown,No,Unknown → Gold (Bullish),,,,0,D Ignore,147,11,Two-color confirmation did not come immediately after Gray — clean transition,https://www.tradingview.com/chart/?symbol=ENSUSDT,,,,,,2026-09-07,1,fresh
NOMUSDT,NOM/USDT,Gray,Unknown,No,Unknown → Gray (Gray),,,,0,D Ignore,1657,2,"Latest two closed candles are not same Gold/Blue color — small-cap potential, small-cap high risk, clean transition",https://www.tradingview.com/chart/?symbol=NOMUSDT,,,,,,2026-09-07,1,fresh
SNXXBUSDT,SNXXB/USDT,Unknown,Unknown,No,Unknown → Unknown (A),,,,0,D Ignore,1774,,Not enough candles: 49 — not eligible for AI research,https://www.tradingview.com/chart/?symbol=BINANCE:SNXXBUSDT,,,,,,2026-09-07,1,fresh
METUSDT,MET/USDT,Gold,Unknown,No,Unknown → Gold (Bullish),,,,0,D Ignore,258,68,Two-color confirmation did not come immediately after Gray — clean transition,https://www.tradingview.com/chart/?symbol=METUSDT,,,,,,2026-09-07,1,fresh
LINEAUSDT,LINEA/USDT,Gray,Unknown,No,Unknown → Gray (Gray),,,,0,D Ignore,378,9,"Latest two closed candles are not same Gold/Blue color — small-cap potential, small-cap high risk, clean transition",https://www.tradingview.com/chart/?symbol=LINEAUSDT,,,,,,2026-09-07,1,fresh
IOUSDT,IO/USDT,Blue,Unknown,No,Unknown → Blue (Bearish),,,,0,D Ignore,424,40,"Two-color confirmation did not come immediately after Gray — small-cap potential, small-cap high risk, clean transition",https://www.tradingview.com/chart/?symbol=IOUSDT,,,,,,2026-09-07,1,fresh
TWTUSDT,TWT/USDT,Gold,Unknown,No,Unknown → Gold (Bullish),,,,0,D Ignore,159,16,Two-color confirmation did not come immediately after Gray — clean transition,https://www.tradingview.com/chart/?symbol=TWTUSDT,,,,,,2026-09-07,1,fresh
AVNTUSDT,AVNT/USDT,Gray,Unknown,No,Unknown → Gray (Gray),,,,0,D Ignore,547,14,"Latest two closed candles are not same Gold/Blue color — small-cap potential, small-cap high risk, clean transition",https://www.tradingview.com/chart/?symbol=AVNTUSDT,,,,,,2026-09-07,1,fresh
ALLOUSDT,ALLO/USDT,Blue,Unknown,No,Unknown → Blue (Bearish),,,,0,D Ignore,400,14,"Two-color confirmation did not come immediately after Gray — small-cap potential, small-cap high risk, clean transition",https://www.tradingview.com/chart/?symbol=ALLOUSDT,,,,,,2026-09-07,1,fresh
BROCCOLI714USDT,BROCCOLI714/USDT,Gold,Unknown,No,Unknown → Gold (Bullish),,,,0,D Ignore,,30,Two-color confirmation did not come immediately after Gray — clean transition,https://www.tradingview.com/chart/?symbol=BROCCOLI714USDT,,,,,,2026-09-07,1,fresh
TSTUSDT,TST/USDT,Gold,Unknown,No,Unknown → Gold (Bullish),,,,0,D Ignore,957,28,"Two-color confirmation did not come immediately after Gray — small-cap potential, small-cap high risk, clean transition",https://www.tradingview.com/chart/?symbol=TSTUSDT,,,,,,2026-09-07,1,fresh
DYDXUSDT,DYDX/USDT,Blue,Unknown,No,Unknown → Blue (Bearish),,,,0,D Ignore,272,56,Two-color confirmation did not come immediately after Gray — clean transition,https://www.tradingview.com/chart/?symbol=DYDXUSDT,,,,,,2026-09-07,1,fresh
TUSDT,T/USDT,Gray,Unknown,No,Unknown → Gray (Gray),,,,0,D Ignore,465,6,"Latest two closed candles are not same Gold/Blue color — small-cap potential, small-cap high risk, clean transition",https://www.tradingview.com/chart/?symbol=TUSDT,,,,,,2026-09-07,1,fresh
YGGUSDT,YGG/USDT,Gray,Unknown,No,Unknown → Gray (Gray),,,,0,D Ignore,792,11,"Latest two closed candles are not same Gold/Blue color — small-cap potential, small-cap high risk, clean transition",https://www.tradingview.com/chart/?symbol=YGGUSDT,,,,,,2026-09-07,1,fresh
币安人生USDT,币安人生/USDT,Blue,Unknown,No,Unknown → Blue (Bearish),,,,0,D Ignore,106,24,Two-color confirmation did not come immediately after Gray — clean transition,https://www.tradingview.com/chart/?symbol=币安人生USDT,,,,,,2026-09-07,1,fresh
METISUSDT,METIS/USDT,Gray,Unknown,No,Unknown → Gray (Gray),,,,0,D Ignore,741,7,"Latest two closed candles are not same Gold/Blue color — small-cap potential, small-cap high risk, clean transition",https://www.tradingview.com/chart/?symbol=METISUSDT,,,,,,2026-09-07,1,fresh
ADXUSDT,ADX/USDT,Gold,Unknown,No,Unknown → Gold (Bullish),,,,0,D Ignore,1285,16,"Two-color confirmation did not come immediately after Gray — small-cap potential, small-cap high risk, clean transition",https://www.tradingview.com/chart/?symbol=ADXUSDT,,,,,,2026-09-07,1,fresh
SENTUSDT,SENT/USDT,Blue,Unknown,No,Unknown → Blue (Bearish),,,,0,D Ignore,264,170,Two-color confirmation did not come immediately after Gray — clean transition,https://www.tradingview.com/chart/?symbol=SENTUSDT,,,,,,2026-09-07,1,fresh
THETAUSDT,THETA/USDT,Gold,Unknown,No,Unknown → Gold (Bullish),,,,0,D Ignore,186,12,Two-color confirmation did not come immediately after Gray — clean transition,https://www.tradingview.com/chart/?symbol=THETAUSDT,,,,,,2026-09-07,1,fresh
ASTRUSDT,ASTR/USDT,Gray,Unknown,No,Unknown → Gray (Gray),,,,0,D Ignore,429,10,"Latest two closed candles are not same Gold/Blue color — small-cap potential, small-cap high risk, clean transition",https://www.tradingview.com/chart/?symbol=ASTRUSDT,,,,,,2026-09-07,1,fresh
NVDABUSDT,NVDAB/USDT,Unknown,Unknown,No,Unknown → Unknown (A),,,,0,D Ignore,962,,Not enough candles: 90 — not eligible for AI research,https://www.tradingview.com/chart/?symbol=BINANCE:NVDABUSDT,,,,,,2026-09-07,1,fresh
THETABTC,THETA/BTC,Gray,Unknown,No,Unknown → Gray (Gray),,,,0,D Ignore,186,16,Latest two closed candles are not same Gold/Blue color — clean transition,https://www.tradingview.com/chart/?symbol=THETABTC,,,,,,2026-09-07,1,fresh
EGLDUSDT,EGLD/USDT,Gold,Unknown,No,Unknown → Gold (Bullish),,,,0,D Ignore,221,9,Two-color confirmation did not come immediately after Gray — clean transition,https://www.tradingview.com/chart/?symbol=EGLDUSDT,,,,,,2026-09-07,1,fresh
NEIROUSDT,NEIRO/USDT,Gold,Unknown,No,Unknown → Gold (Bullish),,,,0,D Ignore,567,17,"Two-color confirmation did not come immediately after Gray — small-cap potential, small-cap high risk, clean transition",https://www.tradingview.com/chart/?symbol=NEIROUSDT,,,,,,2026-09-07,1,fresh
BANKUSDT,BANK/USDT,Blue,Unknown,No,Unknown → Blue (Bearish),,,,0,D Ignore,1015,18,"Two-color confirmation did not come immediately after Gray — small-cap potential, small-cap high risk, clean transition",https://www.tradingview.com/chart/?symbol=BANKUSDT,,,,,,2026-09-07,1,fresh
TSLABUSDT,TSLAB/USDT,Unknown,Unknown,No,Unknown → Unknown (A),,,,0,D Ignore,915,,Not enough candles: 90 — not eligible for AI research,https://www.tradingview.com/chart/?symbol=BINANCE:TSLABUSDT,,,,,,2026-09-07,1,fresh
SKYUSDT,SKY/USDT,Gold,Unknown,No,Unknown → Gold (Bullish),,,,0,D Ignore,56,10,"Two-color confirmation did not come immediately after Gray — large-cap stability, top market cap, clean transition",https://www.tradingview.com/chart/?symbol=SKYUSDT,,,,,,2026-09-07,1,fresh
DOGSUSDT,DOGS/USDT,Gold,Unknown,No,Unknown → Gold (Bullish),,,,0,D Ignore,752,3,"Two-color confirmation did not come immediately after Gray — small-cap potential, small-cap high risk, clean transition",https://www.tradingview.com/chart/?symbol=DOGSUSDT,,,,,,2026-09-07,1,fresh
1000CATUSDT,1000CAT/USDT,Gold,Unknown,No,Unknown → Gold (Bullish),,,,0,D Ignore,,23,Two-color confirmation did not come immediately after Gray — clean transition,https://www.tradingview.com/chart/?symbol=1000CATUSDT,,,,,,2026-09-07,1,fresh
AXSUSDT,AXS/USDT,Gray,Unknown,No,Unknown → Gray (Gray),,,,0,D Ignore,197,1,"Latest two closed candles are not same Gold/Blue color — fresh signal, clean transition",https://www.tradingview.com/chart/?symbol=AXSUSDT,,,,,,2026-09-07,1,fresh
VELODROMEUSDT,VELODROME/USDT,Gold,Unknown,No,Unknown → Gold (Bullish),,,,0,D Ignore,,15,Two-color confirmation did not come immediately after Gray — clean transition,https://www.tradingview.com/chart/?symbol=VELODROMEUSDT,,,,,,2026-09-07,1,fresh
YBUSDT,YB/USDT,Gold,Unknown,No,Unknown → Gold (Bullish),,,,0,D Ignore,711,7,"Two-color confirmation did not come immediately after Gray — small-cap potential, small-cap high risk, clean transition",https://www.tradingview.com/chart/?symbol=YBUSDT,,,,,,2026-09-07,1,fresh
ENSOUSDT,ENSO/USDT,Gold,Unknown,No,Unknown → Gold (Bullish),,,,0,D Ignore,902,36,"Two-color confirmation did not come immediately after Gray — small-cap potential, small-cap high risk, clean transition",https://www.tradingview.com/chart/?symbol=ENSOUSDT,,,,,,2026-09-07,1,fresh
0GUSDT,0G/USDT,Blue,Unknown,No,Unknown → Blue (Bearish),,,,0,D Ignore,534,131,"Two-color confirmation did not come immediately after Gray — small-cap potential, small-cap high risk, clean transition",https://www.tradingview.com/chart/?symbol=0GUSDT,,,,,,2026-09-07,1,fresh
SANDUSDT,SAND/USDT,Blue,Unknown,No,Unknown → Blue (Bearish),,,,0,D Ignore,243,170,Two-color confirmation did not come immediately after Gray — clean transition,https://www.tradingview.com/chart/?symbol=SANDUSDT,,,,,,2026-09-07,1,fresh
PEOPLEUSDT,PEOPLE/USDT,Gold,Unknown,No,Unknown → Gold (Bullish),,,,0,D Ignore,539,34,"Two-color confirmation did not come immediately after Gray — small-cap potential, small-cap high risk, clean transition",https://www.tradingview.com/chart/?symbol=PEOPLEUSDT,,,,,,2026-09-07,1,fresh
LAYERUSDT,LAYER/USDT,Gray,Unknown,No,Unknown → Gray (Gray),,,,0,D Ignore,1003,11,"Latest two closed candles are not same Gold/Blue color — small-cap potential, small-cap high risk, clean transition",https://www.tradingview.com/chart/?symbol=LAYERUSDT,,,,,,2026-09-07,1,fresh
MRVLBUSDT,MRVLB/USDT,Unknown,Unknown,No,Unknown → Unknown (A),,,,0,D Ignore,1279,,Not enough candles: 56 — not eligible for AI research,https://www.tradingview.com/chart/?symbol=BINANCE:MRVLBUSDT,,,,,,2026-09-07,1,fresh
ESPUSDT,ESP/USDT,Gold,Unknown,No,Unknown → Gold (Bullish),,,,0,D Ignore,410,25,"Two-color confirmation did not come immediately after Gray — small-cap potential, small-cap high risk, clean transition",https://www.tradingview.com/chart/?symbol=ESPUSDT,,,,,,2026-09-07,1,fresh
PORTOUSDT,PORTO/USDT,Blue,Unknown,No,Unknown → Blue (Bearish),,,,0,D Ignore,1634,164,"Two-color confirmation did not come immediately after Gray — small-cap potential, small-cap high risk, clean transition",https://www.tradingview.com/chart/?symbol=PORTOUSDT,,,,,,2026-09-07,1,fresh
PLTRBUSDT,PLTRB/USDT,Unknown,Unknown,No,Unknown → Unknown (A),,,,0,D Ignore,,,Not enough candles: 71 — not eligible for AI research,https://www.tradingview.com/chart/?symbol=BINANCE:PLTRBUSDT,,,,,,2026-09-07,1,fresh
CHZUSDT,CHZ/USDT,Blue,Unknown,No,Unknown → Blue (Bearish),,,,0,D Ignore,215,99,Two-color confirmation did not come immediately after Gray — clean transition,https://www.tradingview.com/chart/?symbol=CHZUSDT,,,,,,2026-09-07,1,fresh
AIGENSYNUSDT,AIGENSYN/USDT,Unknown,Unknown,No,Unknown → Unknown (A),,,,0,D Ignore,,,Not enough candles: 118 — not eligible for AI research,https://www.tradingview.com/chart/?symbol=BINANCE:AIGENSYNUSDT,,,,,,2026-09-07,1,fresh
GRTUSDT,GRT/USDT,Gray,Unknown,No,Unknown → Gray (Gray),,,,0,D Ignore,170,3,Latest two closed candles are not same Gold/Blue color — clean transition,https://www.tradingview.com/chart/?symbol=GRTUSDT,,,,,,2026-09-07,1,fresh
DRAMBUSDT,DRAMB/USDT,Unknown,Unknown,No,Unknown → Unknown (A),,,,0,D Ignore,858,,Not enough candles: 64 — not eligible for AI research,https://www.tradingview.com/chart/?symbol=BINANCE:DRAMBUSDT,,,,,,2026-09-07,1,fresh
VETUSDT,VET/USDT,Gold,Unknown,No,Unknown → Gold (Bullish),,,,0,D Ignore,95,11,"Two-color confirmation did not come immediately after Gray — large-cap stability, top market cap, clean transition",https://www.tradingview.com/chart/?symbol=VETUSDT,,,,,,2026-09-07,1,fresh
NIGHTUSDT,NIGHT/USDT,Blue,Unknown,No,Unknown → Blue (Bearish),,,,0,D Ignore,121,152,Two-color confirmation did not come immediately after Gray — clean transition,https://www.tradingview.com/chart/?symbol=NIGHTUSDT,,,,,,2026-09-07,1,fresh
SUSDT,S/USDT,Gray,Unknown,No,Unknown → Gray (Gray),,,,0,D Ignore,248,13,Latest two closed candles are not same Gold/Blue color — clean transition,https://www.tradingview.com/chart/?symbol=SUSDT,,,,,,2026-09-07,1,fresh
FFUSDT,FF/USDT,Gold,Unknown,No,Unknown → Gold (Bullish),,,,0,D Ignore,123,13,Two-color confirmation did not come immediately after Gray — clean transition,https://www.tradingview.com/chart/?symbol=FFUSDT,,,,,,2026-09-07,1,fresh
TRBUSDT,TRB/USDT,Gold,Unknown,No,Unknown → Gold (Bullish),,,,0,D Ignore,447,14,"Two-color confirmation did not come immediately after Gray — small-cap potential, small-cap high risk, clean transition",https://www.tradingview.com/chart/?symbol=TRBUSDT,,,,,,2026-09-07,1,fresh
PNUTUSDT,PNUT/USDT,Gold,Unknown,No,Unknown → Gold (Bullish),,,,0,D Ignore,456,13,"Two-color confirmation did not come immediately after Gray — small-cap potential, small-cap high risk, clean transition",https://www.tradingview.com/chart/?symbol=PNUTUSDT,,,,,,2026-09-07,1,fresh
ROSEUSDT,ROSE/USDT,Gray,Unknown,No,Unknown → Gray (Gray),,,,0,D Ignore,418,9,"Latest two closed candles are not same Gold/Blue color — small-cap potential, small-cap high risk, clean transition",https://www.tradingview.com/chart/?symbol=ROSEUSDT,,,,,,2026-09-07,1,fresh
SPKUSDT,SPK/USDT,Gray,Unknown,No,Unknown → Gray (Gray),,,,0,D Ignore,368,11,"Latest two closed candles are not same Gold/Blue color — small-cap potential, small-cap high risk, clean transition",https://www.tradingview.com/chart/?symbol=SPKUSDT,,,,,,2026-09-07,1,fresh
BMTUSDT,BMT/USDT,Gold,Unknown,No,Unknown → Gold (Bullish),,,,0,D Ignore,1090,29,"Two-color confirmation did not come immediately after Gray — small-cap potential, small-cap high risk, clean transition",https://www.tradingview.com/chart/?symbol=BMTUSDT,,,,,,2026-09-07,1,fresh
SPYBUSDT,SPYB/USDT,Unknown,Unknown,No,Unknown → Unknown (A),,,,0,D Ignore,872,,Not enough candles: 64 — not eligible for AI research,https://www.tradingview.com/chart/?symbol=BINANCE:SPYBUSDT,,,,,,2026-09-07,1,fresh
GMXUSDT,GMX/USDT,Gold,Unknown,No,Unknown → Gold (Bullish),,,,0,D Ignore,303,43,"Two-color confirmation did not come immediately after Gray — small-cap potential, small-cap high risk, clean transition",https://www.tradingview.com/chart/?symbol=GMXUSDT,,,,,,2026-09-07,1,fresh
HEIUSDT,HEI/USDT,Gold,Unknown,No,Unknown → Gold (Bullish),,,,0,D Ignore,1165,34,"Two-color confirmation did not come immediately after Gray — small-cap potential, small-cap high risk, clean transition",https://www.tradingview.com/chart/?symbol=HEIUSDT,,,,,,2026-09-07,1,fresh
HOODBUSDT,HOODB/USDT,Unknown,Unknown,No,Unknown → Unknown (A),,,,0,D Ignore,1478,,Not enough candles: 56 — not eligible for AI research,https://www.tradingview.com/chart/?symbol=BINANCE:HOODBUSDT,,,,,,2026-09-07,1,fresh
WBETHUSDT,WBETH/USDT,Gold,Unknown,No,Unknown → Gold (Bullish),,,,0,D Ignore,,20,Two-color confirmation did not come immediately after Gray — clean transition,https://www.tradingview.com/chart/?symbol=WBETHUSDT,,,,,,2026-09-07,1,fresh
CFXUSDT,CFX/USDT,Gray,Unknown,No,Unknown → Gray (Gray),,,,0,D Ignore,148,15,Latest two closed candles are not same Gold/Blue color — clean transition,https://www.tradingview.com/chart/?symbol=CFXUSDT,,,,,,2026-09-07,1,fresh
BEBUSDT,BEB/USDT,Unknown,Unknown,No,Unknown → Unknown (A),,,,0,D Ignore,,,Not enough candles: 42 — not eligible for AI research,https://www.tradingview.com/chart/?symbol=BINANCE:BEBUSDT,,,,,,2026-09-07,1,fresh
BBUSDT,BB/USDT,Blue,Unknown,No,Unknown → Blue (Bearish),,,,0,D Ignore,,94,Two-color confirmation did not come immediately after Gray — clean transition,https://www.tradingview.com/chart/?symbol=BBUSDT,,,,,,2026-09-07,1,fresh
PHAUSDT,PHA/USDT,Gray,Unknown,No,Unknown → Gray (Gray),,,,0,D Ignore,795,2,"Latest two closed candles are not same Gold/Blue color — small-cap potential, small-cap high risk, clean transition",https://www.tradingview.com/chart/?symbol=PHAUSDT,,,,,,2026-09-07,1,fresh
CVXUSDT,CVX/USDT,Gold,Unknown,No,Unknown → Gold (Bullish),,,,0,D Ignore,172,27,Two-color confirmation did not come immediately after Gray — clean transition,https://www.tradingview.com/chart/?symbol=CVXUSDT,,,,,,2026-09-07,1,fresh
DUSKUSDT,DUSK/USDT,Gray,Unknown,No,Unknown → Gray (Gray),,,,0,D Ignore,481,2,"Latest two closed candles are not same Gold/Blue color — small-cap potential, small-cap high risk, clean transition",https://www.tradingview.com/chart/?symbol=DUSKUSDT,,,,,,2026-09-07,1,fresh
XTZUSDT,XTZ/USDT,Gray,Unknown,No,Unknown → Gray (Gray),,,,0,D Ignore,150,2,Latest two closed candles are not same Gold/Blue color — clean transition,https://www.tradingview.com/chart/?symbol=XTZUSDT,,,,,,2026-09-07,1,fresh
PORTALUSDT,PORTAL/USDT,Gold,Unknown,No,Unknown → Gold (Bullish),,,,0,D Ignore,1010,15,"Two-color confirmation did not come immediately after Gray — small-cap potential, small-cap high risk, clean transition",https://www.tradingview.com/chart/?symbol=PORTALUSDT,,,,,,2026-09-07,1,fresh
AIXBTUSDT,AIXBT/USDT,Gray,Unknown,No,Unknown → Gray (Gray),,,,0,D Ignore,798,13,"Latest two closed candles are not same Gold/Blue color — small-cap potential, small-cap high risk, clean transition",https://www.tradingview.com/chart/?symbol=AIXBTUSDT,,,,,,2026-09-07,1,fresh
XTZBTC,XTZ/BTC,Blue,Unknown,No,Unknown → Blue (Bearish),,,,0,D Ignore,150,164,Two-color confirmation did not come immediately after Gray — clean transition,https://www.tradingview.com/chart/?symbol=XTZBTC,,,,,,2026-09-07,1,fresh
EWYBUSDT,EWYB/USDT,Unknown,Unknown,No,Unknown → Unknown (A),,,,0,D Ignore,,,Not enough candles: 78 — not eligible for AI research,https://www.tradingview.com/chart/?symbol=BINANCE:EWYBUSDT,,,,,,2026-09-07,1,fresh
MIRAUSDT,MIRA/USDT,Gray,Unknown,No,Unknown → Gray (Gray),,,,0,D Ignore,982,0,"Latest two closed candles are not same Gold/Blue color — small-cap potential, small-cap high risk, fresh signal, clean transition",https://www.tradingview.com/chart/?symbol=MIRAUSDT,,,,,,2026-09-07,1,fresh
AXTIBUSDT,AXTIB/USDT,Unknown,Unknown,No,Unknown → Unknown (A),,,,0,D Ignore,1801,,Not enough candles: 49 — not eligible for AI research,https://www.tradingview.com/chart/?symbol=BINANCE:AXTIBUSDT,,,,,,2026-09-07,1,fresh
WUSDT,W/USDT,Gray,Unknown,No,Unknown → Gray (Gray),,,,0,D Ignore,377,7,"Latest two closed candles are not same Gold/Blue color — small-cap potential, small-cap high risk, clean transition",https://www.tradingview.com/chart/?symbol=WUSDT,,,,,,2026-09-07,1,fresh
SIGNUSDT,SIGN/USDT,Gray,Unknown,No,Unknown → Gray (Gray),,,,0,D Ignore,650,5,"Latest two closed candles are not same Gold/Blue color — small-cap potential, small-cap high risk, clean transition",https://www.tradingview.com/chart/?symbol=SIGNUSDT,,,,,,2026-09-07,1,fresh
LPTUSDT,LPT/USDT,Blue,Unknown,No,Unknown → Blue (Bearish),,,,0,D Ignore,349,101,"Two-color confirmation did not come immediately after Gray — small-cap potential, small-cap high risk, clean transition",https://www.tradingview.com/chart/?symbol=LPTUSDT,,,,,,2026-09-07,1,fresh
OPENUSDT,OPEN/USDT,Blue,Unknown,No,Unknown → Blue (Bearish),,,,0,D Ignore,695,17,"Two-color confirmation did not come immediately after Gray — small-cap potential, small-cap high risk, clean transition",https://www.tradingview.com/chart/?symbol=OPENUSDT,,,,,,2026-09-07,1,fresh
LAUSDT,LA/USDT,Gray,Unknown,No,Unknown → Gray (Gray),,,,0,D Ignore,1110,3,"Latest two closed candles are not same Gold/Blue color — small-cap potential, small-cap high risk, clean transition",https://www.tradingview.com/chart/?symbol=LAUSDT,,,,,,2026-09-07,1,fresh
EULUSDT,EUL/USDT,Gold,Unknown,No,Unknown → Gold (Bullish),,,,0,D Ignore,645,44,"Two-color confirmation did not come immediately after Gray — small-cap potential, small-cap high risk, clean transition",https://www.tradingview.com/chart/?symbol=EULUSDT,,,,,,2026-09-07,1,fresh
BIOUSDT,BIO/USDT,Gray,Unknown,No,Unknown → Gray (Gray),,,,0,D Ignore,412,14,"Latest two closed candles are not same Gold/Blue color — small-cap potential, small-cap high risk, clean transition",https://www.tradingview.com/chart/?symbol=BIOUSDT,,,,,,2026-09-07,1,fresh
ROBOUSDT,ROBO/USDT,Blue,Unknown,No,Unknown → Blue (Bearish),,,,0,D Ignore,727,159,"Two-color confirmation did not come immediately after Gray — small-cap potential, small-cap high risk, clean transition",https://www.tradingview.com/chart/?symbol=ROBOUSDT,,,,,,2026-09-07,1,fresh
QNTUSDT,QNT/USDT,Gray,Unknown,No,Unknown → Gray (Gray),,,,0,D Ignore,75,3,"Latest two closed candles are not same Gold/Blue color — large-cap stability, top market cap, clean transition",https://www.tradingview.com/chart/?symbol=QNTUSDT,,,,,,2026-09-07,1,fresh
PROVEUSDT,PROVE/USDT,Blue,Unknown,No,Unknown → Blue (Bearish),,,,0,D Ignore,575,101,"Two-color confirmation did not come immediately after Gray — small-cap potential, small-cap high risk, clean transition",https://www.tradingview.com/chart/?symbol=PROVEUSDT,,,,,,2026-09-07,1,fresh
SOMIUSDT,SOMI/USDT,Gray,Unknown,No,Unknown → Gray (Gray),,,,0,D Ignore,817,12,"Latest two closed candles are not same Gold/Blue color — small-cap potential, small-cap high risk, clean transition",https://www.tradingview.com/chart/?symbol=SOMIUSDT,,,,,,2026-09-07,1,fresh
MOVRUSDT,MOVR/USDT,Blue,Unknown,No,Unknown → Blue (Bearish),,,,0,D Ignore,1188,91,"Two-color confirmation did not come immediately after Gray — small-cap potential, small-cap high risk, clean transition",https://www.tradingview.com/chart/?symbol=MOVRUSDT,,,,,,2026-09-07,1,fresh
ONEUSDT,ONE/USDT,Blue,Unknown,No,Unknown → Blue (Bearish),,,,0,D Ignore,449,112,"Two-color confirmation did not come immediately after Gray — small-cap potential, small-cap high risk, clean transition",https://www.tradingview.com/chart/?symbol=ONEUSDT,,,,,,2026-09-07,1,fresh
BERAUSDT,BERA/USDT,Blue,Unknown,No,Unknown → Blue (Bearish),,,,0,D Ignore,404,169,"Two-color confirmation did not come immediately after Gray — small-cap potential, small-cap high risk, clean transition",https://www.tradingview.com/chart/?symbol=BERAUSDT,,,,,,2026-09-07,1,fresh
MMTUSDT,MMT/USDT,Gray,Unknown,No,Unknown → Gray (Gray),,,,0,D Ignore,610,12,"Latest two closed candles are not same Gold/Blue color — small-cap potential, small-cap high risk, clean transition",https://www.tradingview.com/chart/?symbol=MMTUSDT,,,,,,2026-09-07,1,fresh
SAGAUSDT,SAGA/USDT,Gray,Unknown,No,Unknown → Gray (Gray),,,,0,D Ignore,1505,17,"Latest two closed candles are not same Gold/Blue color — small-cap potential, small-cap high risk, clean transition",https://www.tradingview.com/chart/?symbol=SAGAUSDT,,,,,,2026-09-07,1,fresh
BIGTIMEUSDT,BIGTIME/USDT,Gray,Unknown,No,Unknown → Gray (Gray),,,,0,D Ignore,838,1,"Latest two closed candles are not same Gold/Blue color — small-cap potential, small-cap high risk, fresh signal, clean transition",https://www.tradingview.com/chart/?symbol=BIGTIMEUSDT,,,,,,2026-09-07,1,fresh
NILUSDT,NIL/USDT,Gold,Unknown,No,Unknown → Gold (Bullish),,,,0,D Ignore,713,15,"Two-color confirmation did not come immediately after Gray — small-cap potential, small-cap high risk, clean transition",https://www.tradingview.com/chart/?symbol=NILUSDT,,,,,,2026-09-07,1,fresh
SOXSBUSDT,SOXSB/USDT,Unknown,Unknown,No,Unknown → Unknown (A),,,,0,D Ignore,,,Not enough candles: 42 — not eligible for AI research,https://www.tradingview.com/chart/?symbol=BINANCE:SOXSBUSDT,,,,,,2026-09-07,1,fresh
COMPUSDT,COMP/USDT,Gold,Unknown,No,Unknown → Gold (Bullish),,,,0,D Ignore,171,13,Two-color confirmation did not come immediately after Gray — clean transition,https://www.tradingview.com/chart/?symbol=COMPUSDT,,,,,,2026-09-07,1,fresh
BNSOLUSDT,BNSOL/USDT,Gold,Unknown,No,Unknown → Gold (Bullish),,,,0,D Ignore,,18,Two-color confirmation did not come immediately after Gray — clean transition,https://www.tradingview.com/chart/?symbol=BNSOLUSDT,,,,,,2026-09-07,1,fresh
FUSDT,F/USDT,Gray,Unknown,No,Unknown → Gray (Gray),,,,0,D Ignore,951,2,"Latest two closed candles are not same Gold/Blue color — small-cap potential, small-cap high risk, clean transition",https://www.tradingview.com/chart/?symbol=FUSDT,,,,,,2026-09-07,1,fresh
BARDUSDT,BARD/USDT,Blue,Unknown,No,Unknown → Blue (Bearish),,,,0,D Ignore,491,170,"Two-color confirmation did not come immediately after Gray — small-cap potential, small-cap high risk, clean transition",https://www.tradingview.com/chart/?symbol=BARDUSDT,,,,,,2026-09-07,1,fresh
NOTUSDT,NOT/USDT,Gold,Unknown,No,Unknown → Gold (Bullish),,,,0,D Ignore,492,8,"Two-color confirmation did not come immediately after Gray — small-cap potential, small-cap high risk, clean transition",https://www.tradingview.com/chart/?symbol=NOTUSDT,,,,,,2026-09-07,1,fresh
TREEUSDT,TREE/USDT,Gray,Unknown,No,Unknown → Gray (Gray),,,,0,D Ignore,952,2,"Latest two closed candles are not same Gold/Blue color — small-cap potential, small-cap high risk, clean transition",https://www.tradingview.com/chart/?symbol=TREEUSDT,,,,,,2026-09-07,1,fresh
OPNUSDT,OPN/USDT,Blue,Unknown,No,Unknown → Blue (Bearish),,,,0,D Ignore,1216,158,"Two-color confirmation did not come immediately after Gray — small-cap potential, small-cap high risk, clean transition",https://www.tradingview.com/chart/?symbol=OPNUSDT,,,,,,2026-09-07,1,fresh
1INCHUSDT,1INCH/USDT,Gold,Unknown,No,Unknown → Gold (Bullish),,,,0,D Ignore,231,29,Two-color confirmation did not come immediately after Gray — clean transition,https://www.tradingview.com/chart/?symbol=1INCHUSDT,,,,,,2026-09-07,1,fresh
ENJUSDT,ENJ/USDT,Blue,Unknown,No,Unknown → Blue (Bearish),,,,0,D Ignore,431,90,"Two-color confirmation did not come immediately after Gray — small-cap potential, small-cap high risk, clean transition",https://www.tradingview.com/chart/?symbol=ENJUSDT,,,,,,2026-09-07,1,fresh
NBISBUSDT,NBISB/USDT,Unknown,Unknown,No,Unknown → Unknown (A),,,,0,D Ignore,1304,,Not enough candles: 64 — not eligible for AI research,https://www.tradingview.com/chart/?symbol=BINANCE:NBISBUSDT,,,,,,2026-09-07,1,fresh
EDUUSDT,EDU/USDT,Gold,Unknown,No,Unknown → Gold (Bullish),,,,0,D Ignore,508,14,"Two-color confirmation did not come immediately after Gray — small-cap potential, small-cap high risk, clean transition",https://www.tradingview.com/chart/?symbol=EDUUSDT,,,,,,2026-09-07,1,fresh
BEAMXUSDT,BEAMX/USDT,Gray,Unknown,No,Unknown → Gray (Gray),,,,0,D Ignore,,11,Latest two closed candles are not same Gold/Blue color — clean transition,https://www.tradingview.com/chart/?symbol=BEAMXUSDT,,,,,,2026-09-07,1,fresh
HOMEUSDT,HOME/USDT,Blue,Unknown,No,Unknown → Blue (Bearish),,,,0,D Ignore,725,67,"Two-color confirmation did not come immediately after Gray — small-cap potential, small-cap high risk, clean transition",https://www.tradingview.com/chart/?symbol=HOMEUSDT,,,,,,2026-09-07,1,fresh
NEOUSDT,NEO/USDT,Gray,Unknown,No,Unknown → Gray (Gray),,,,0,D Ignore,206,12,Latest two closed candles are not same Gold/Blue color — clean transition,https://www.tradingview.com/chart/?symbol=NEOUSDT,,,,,,2026-09-07,1,fresh
FTTUSDT,FTT/USDT,Gray,Unknown,No,Unknown → Gray (Gray),,,,0,D Ignore,,10,Latest two closed candles are not same Gold/Blue color — clean transition,https://www.tradingview.com/chart/?symbol=FTTUSDT,,,,,,2026-09-07,1,fresh
2ZUSDT,2Z/USDT,Blue,Unknown,No,Unknown → Blue (Bearish),,,,0,D Ignore,190,89,Two-color confirmation did not come immediately after Gray — clean transition,https://www.tradingview.com/chart/?symbol=2ZUSDT,,,,,,2026-09-07,1,fresh
KSMUSDT,KSM/USDT,Gray,Unknown,No,Unknown → Gray (Gray),,,,0,D Ignore,345,13,"Latest two closed candles are not same Gold/Blue color — small-cap potential, small-cap high risk, clean transition",https://www.tradingview.com/chart/?symbol=KSMUSDT,,,,,,2026-09-07,1,fresh
FLOWUSDT,FLOW/USDT,Gray,Unknown,No,Unknown → Gray (Gray),,,,0,D Ignore,476,0,"Latest two closed candles are not same Gold/Blue color — small-cap potential, small-cap high risk, fresh signal, clean transition",https://www.tradingview.com/chart/?symbol=FLOWUSDT,,,,,,2026-09-07,1,fresh
SUNUSDT,SUN/USDT,Blue,Unknown,No,Unknown → Blue (Bearish),,,,0,D Ignore,133,20,Two-color confirmation did not come immediately after Gray — clean transition,https://www.tradingview.com/chart/?symbol=SUNUSDT,,,,,,2026-09-07,1,fresh
DCRUSDT,DCR/USDT,Gold,Unknown,No,Unknown → Gold (Bullish),,,,0,D Ignore,144,3,Two-color confirmation did not come immediately after Gray — clean transition,https://www.tradingview.com/chart/?symbol=DCRUSDT,,,,,,2026-09-07,1,fresh
POLYXUSDT,POLYX/USDT,Gray,Unknown,No,Unknown → Gray (Gray),,,,0,D Ignore,469,1,"Latest two closed candles are not same Gold/Blue color — small-cap potential, small-cap high risk, fresh signal, clean transition",https://www.tradingview.com/chart/?symbol=POLYXUSDT,,,,,,2026-09-07,1,fresh
ALICEUSDT,ALICE/USDT,Gold,Unknown,No,Unknown → Gold (Bullish),,,,0,D Ignore,1049,22,"Two-color confirmation did not come immediately after Gray — small-cap potential, small-cap high risk, clean transition",https://www.tradingview.com/chart/?symbol=ALICEUSDT,,,,,,2026-09-07,1,fresh
IOTAUSDT,IOTA/USDT,Gray,Unknown,No,Unknown → Gray (Gray),,,,0,D Ignore,179,14,Latest two closed candles are not same Gold/Blue color — clean transition,https://www.tradingview.com/chart/?symbol=IOTAUSDT,,,,,,2026-09-07,1,fresh
ILVUSDT,ILV/USDT,Gray,Unknown,No,Unknown → Gray (Gray),,,,0,D Ignore,699,15,"Latest two closed candles are not same Gold/Blue color — small-cap potential, small-cap high risk, clean transition",https://www.tradingview.com/chart/?symbol=ILVUSDT,,,,,,2026-09-07,1,fresh
MANTRAUSDT,MANTRA/USDT,Blue,Unknown,No,Unknown → Blue (Bearish),,,,0,D Ignore,663,159,"Two-color confirmation did not come immediately after Gray — small-cap potential, small-cap high risk, clean transition",https://www.tradingview.com/chart/?symbol=MANTRAUSDT,,,,,,2026-09-07,1,fresh
AUCTIONUSDT,AUCTION/USDT,Gray,Unknown,No,Unknown → Gray (Gray),,,,0,D Ignore,726,7,"Latest two closed candles are not same Gold/Blue color — small-cap potential, small-cap high risk, clean transition",https://www.tradingview.com/chart/?symbol=AUCTIONUSDT,,,,,,2026-09-07,1,fresh
YFIUSDT,YFI/USDT,Gold,Unknown,No,Unknown → Gold (Bullish),,,,0,D Ignore,316,12,"Two-color confirmation did not come immediately after Gray — small-cap potential, small-cap high risk, clean transition",https://www.tradingview.com/chart/?symbol=YFIUSDT,,,,,,2026-09-07,1,fresh
DIAUSDT,DIA/USDT,Gold,Unknown,No,Unknown → Gold (Bullish),,,,0,D Ignore,956,9,"Two-color confirmation did not come immediately after Gray — small-cap potential, small-cap high risk, clean transition",https://www.tradingview.com/chart/?symbol=DIAUSDT,,,,,,2026-09-07,1,fresh
MASKUSDT,MASK/USDT,Gold,Unknown,No,Unknown → Gold (Bullish),,,,0,D Ignore,484,8,"Two-color confirmation did not come immediately after Gray — small-cap potential, small-cap high risk, clean transition",https://www.tradingview.com/chart/?symbol=MASKUSDT,,,,,,2026-09-07,1,fresh
ALTUSDT,ALT/USDT,Gray,Unknown,No,Unknown → Gray (Gray),,,,0,D Ignore,489,14,"Latest two closed candles are not same Gold/Blue color — small-cap potential, small-cap high risk, clean transition",https://www.tradingview.com/chart/?symbol=ALTUSDT,,,,,,2026-09-07,1,fresh
PARTIUSDT,PARTI/USDT,Blue,Unknown,No,Unknown → Blue (Bearish),,,,0,D Ignore,1560,73,"Two-color confirmation did not come immediately after Gray — small-cap potential, small-cap high risk, clean transition",https://www.tradingview.com/chart/?symbol=PARTIUSDT,,,,,,2026-09-07,1,fresh
REDUSDT,RED/USDT,Gold,Unknown,No,Unknown → Gold (Bullish),,,,0,D Ignore,376,5,"Two-color confirmation did not come immediately after Gray — small-cap potential, small-cap high risk, clean transition",https://www.tradingview.com/chart/?symbol=REDUSDT,,,,,,2026-09-07,1,fresh
USUALUSDT,USUAL/USDT,Gold,Unknown,No,Unknown → Gold (Bullish),,,,0,D Ignore,777,9,"Two-color confirmation did not come immediately after Gray — small-cap potential, small-cap high risk, clean transition",https://www.tradingview.com/chart/?symbol=USUALUSDT,,,,,,2026-09-07,1,fresh
HMSTRUSDT,HMSTR/USDT,Blue,Unknown,No,Unknown → Blue (Bearish),,,,0,D Ignore,1161,14,"Two-color confirmation did not come immediately after Gray — small-cap potential, small-cap high risk, clean transition",https://www.tradingview.com/chart/?symbol=HMSTRUSDT,,,,,,2026-09-07,1,fresh
CBRSBUSDT,CBRSB/USDT,Unknown,Unknown,No,Unknown → Unknown (A),,,,0,D Ignore,,,Not enough candles: 64 — not eligible for AI research,https://www.tradingview.com/chart/?symbol=BINANCE:CBRSBUSDT,,,,,,2026-09-07,1,fresh
AAOIBUSDT,AAOIB/USDT,Unknown,Unknown,No,Unknown → Unknown (A),,,,0,D Ignore,1641,,Not enough candles: 56 — not eligible for AI research,https://www.tradingview.com/chart/?symbol=BINANCE:AAOIBUSDT,,,,,,2026-09-07,1,fresh
EURIUSDT,EURI/USDT,Gold,Unknown,No,Unknown → Gold (Bullish),,,,0,D Ignore,557,22,"Two-color confirmation did not come immediately after Gray — small-cap potential, small-cap high risk, clean transition",https://www.tradingview.com/chart/?symbol=EURIUSDT,,,,,,2026-09-07,1,fresh
IOTXUSDT,IOTX/USDT,Gray,Unknown,No,Unknown → Gray (Gray),,,,0,D Ignore,665,14,"Latest two closed candles are not same Gold/Blue color — small-cap potential, small-cap high risk, clean transition",https://www.tradingview.com/chart/?symbol=IOTXUSDT,,,,,,2026-09-07,1,fresh
AAPLBUSDT,AAPLB/USDT,Unknown,Unknown,No,Unknown → Unknown (A),,,,0,D Ignore,1488,,Not enough candles: 42 — not eligible for AI research,https://www.tradingview.com/chart/?symbol=BINANCE:AAPLBUSDT,,,,,,2026-09-07,1,fresh
AMDBUSDT,AMDB/USDT,Unknown,Unknown,No,Unknown → Unknown (A),,,,0,D Ignore,,,Not enough candles: 78 — not eligible for AI research,https://www.tradingview.com/chart/?symbol=BINANCE:AMDBUSDT,,,,,,2026-09-07,1,fresh
HYPERUSDT,HYPER/USDT,Blue,Unknown,No,Unknown → Blue (Bearish),,,,0,D Ignore,761,96,"Two-color confirmation did not come immediately after Gray — small-cap potential, small-cap high risk, clean transition",https://www.tradingview.com/chart/?symbol=HYPERUSDT,,,,,,2026-09-07,1,fresh
BATUSDT,BAT/USDT,Blue,Unknown,No,Unknown → Blue (Bearish),,,,0,D Ignore,256,93,Two-color confirmation did not come immediately after Gray — clean transition,https://www.tradingview.com/chart/?symbol=BATUSDT,,,,,,2026-09-07,1,fresh
NEXOUSDT,NEXO/USDT,Gold,Unknown,No,Unknown → Gold (Bullish),,,,0,D Ignore,82,10,"Two-color confirmation did not come immediately after Gray — large-cap stability, top market cap, clean transition",https://www.tradingview.com/chart/?symbol=NEXOUSDT,,,,,,2026-09-07,1,fresh
EDENUSDT,EDEN/USDT,Gold,Unknown,No,Unknown → Gold (Bullish),,,,0,D Ignore,778,22,"Two-color confirmation did not come immediately after Gray — small-cap potential, small-cap high risk, clean transition",https://www.tradingview.com/chart/?symbol=EDENUSDT,,,,,,2026-09-07,1,fresh
NEXOBTC,NEXO/BTC,Blue,Unknown,No,Unknown → Blue (Bearish),,,,0,D Ignore,82,55,"Two-color confirmation did not come immediately after Gray — large-cap stability, top market cap, clean transition",https://www.tradingview.com/chart/?symbol=NEXOBTC,,,,,,2026-09-07,1,fresh
IMXUSDT,IMX/USDT,Gray,Unknown,No,Unknown → Gray (Gray),,,,0,D Ignore,246,5,Latest two closed candles are not same Gold/Blue color — clean transition,https://www.tradingview.com/chart/?symbol=IMXUSDT,,,,,,2026-09-07,1,fresh
MUUBUSDT,MUUB/USDT,Unknown,Unknown,No,Unknown → Unknown (A),,,,0,D Ignore,,,Not enough candles: 49 — not eligible for AI research,https://www.tradingview.com/chart/?symbol=BINANCE:MUUBUSDT,,,,,,2026-09-07,1,fresh
HUMAUSDT,HUMA/USDT,Gray,Unknown,No,Unknown → Gray (Gray),,,,0,D Ignore,554,4,"Latest two closed candles are not same Gold/Blue color — small-cap potential, small-cap high risk, clean transition",https://www.tradingview.com/chart/?symbol=HUMAUSDT,,,,,,2026-09-07,1,fresh
TURBOUSDT,TURBO/USDT,Gold,Unknown,No,Unknown → Gold (Bullish),,,,0,D Ignore,369,10,"Two-color confirmation did not come immediately after Gray — small-cap potential, small-cap high risk, clean transition",https://www.tradingview.com/chart/?symbol=TURBOUSDT,,,,,,2026-09-07,1,fresh
MVLLBUSDT,MVLLB/USDT,Unknown,Unknown,No,Unknown → Unknown (A),,,,0,D Ignore,,,Not enough candles: 49 — not eligible for AI research,https://www.tradingview.com/chart/?symbol=BINANCE:MVLLBUSDT,,,,,,2026-09-07,1,fresh
SCUSDT,SC/USDT,Gold,Unknown,No,Unknown → Gold (Bullish),,,,0,D Ignore,568,0,"Latest two closed candles are not same Gold/Blue color — small-cap potential, small-cap high risk, fresh signal, clean transition",https://www.tradingview.com/chart/?symbol=SCUSDT,,,,,,2026-09-07,1,fresh
CKBUSDT,CKB/USDT,Gray,Unknown,No,Unknown → Gray (Gray),,,,0,D Ignore,423,12,"Latest two closed candles are not same Gold/Blue color — small-cap potential, small-cap high risk, clean transition",https://www.tradingview.com/chart/?symbol=CKBUSDT,,,,,,2026-09-07,1,fresh
LISTAUSDT,LISTA/USDT,Gold,Unknown,No,Unknown → Gold (Bullish),,,,0,D Ignore,641,17,"Two-color confirmation did not come immediately after Gray — small-cap potential, small-cap high risk, clean transition",https://www.tradingview.com/chart/?symbol=LISTAUSDT,,,,,,2026-09-07,1,fresh
HOLOUSDT,HOLO/USDT,Blue,Unknown,No,Unknown → Blue (Bearish),,,,0,D Ignore,454,21,"Two-color confirmation did not come immediately after Gray — small-cap potential, small-cap high risk, clean transition",https://www.tradingview.com/chart/?symbol=HOLOUSDT,,,,,,2026-09-07,1,fresh
1000SATSUSDT,1000SATS/USDT,Gold,Unknown,No,Unknown → Gold (Bullish),,,,0,D Ignore,,16,Two-color confirmation did not come immediately after Gray — clean transition,https://www.tradingview.com/chart/?symbol=1000SATSUSDT,,,,,,2026-09-07,1,fresh
PIXELUSDT,PIXEL/USDT,Gray,Unknown,No,Unknown → Gray (Gray),,,,0,D Ignore,1807,17,"Latest two closed candles are not same Gold/Blue color — small-cap potential, small-cap high risk, clean transition",https://www.tradingview.com/chart/?symbol=PIXELUSDT,,,,,,2026-09-07,1,fresh
CGPTUSDT,CGPT/USDT,Gray,Unknown,No,Unknown → Gray (Gray),,,,0,D Ignore,813,24,"Latest two closed candles are not same Gold/Blue color — small-cap potential, small-cap high risk, clean transition",https://www.tradingview.com/chart/?symbol=CGPTUSDT,,,,,,2026-09-07,1,fresh
MEMEUSDT,MEME/USDT,Gray,Unknown,No,Unknown → Gray (Gray),,,,0,D Ignore,430,3,"Latest two closed candles are not same Gold/Blue color — small-cap potential, small-cap high risk, clean transition",https://www.tradingview.com/chart/?symbol=MEMEUSDT,,,,,,2026-09-07,1,fresh
SKLUSDT,SKL/USDT,Blue,Unknown,No,Unknown → Blue (Bearish),,,,0,D Ignore,770,109,"Two-color confirmation did not come immediately after Gray — small-cap potential, small-cap high risk, clean transition",https://www.tradingview.com/chart/?symbol=SKLUSDT,,,,,,2026-09-07,1,fresh
ONTUSDT,ONT/USDT,Gold,Unknown,No,Unknown → Gold (Bullish),,,,0,D Ignore,427,10,"Two-color confirmation did not come immediately after Gray — small-cap potential, small-cap high risk, clean transition",https://www.tradingview.com/chart/?symbol=ONTUSDT,,,,,,2026-09-07,1,fresh
1MBABYDOGEUSDT,1MBABYDOGE/USDT,Gold,Unknown,No,Unknown → Gold (Bullish),,,,0,D Ignore,,14,Two-color confirmation did not come immediately after Gray — clean transition,https://www.tradingview.com/chart/?symbol=1MBABYDOGEUSDT,,,,,,2026-09-07,1,fresh
ZBTUSDT,ZBT/USDT,Blue,Unknown,No,Unknown → Blue (Bearish),,,,0,D Ignore,693,29,"Two-color confirmation did not come immediately after Gray — small-cap potential, small-cap high risk, clean transition",https://www.tradingview.com/chart/?symbol=ZBTUSDT,,,,,,2026-09-07,1,fresh
1000CHEEMSUSDT,1000CHEEMS/USDT,Gold,Unknown,No,Unknown → Gold (Bullish),,,,0,D Ignore,,12,Two-color confirmation did not come immediately after Gray — clean transition,https://www.tradingview.com/chart/?symbol=1000CHEEMSUSDT,,,,,,2026-09-07,1,fresh
MBLUSDT,MBL/USDT,Gray,Unknown,No,Unknown → Gray (Gray),,,,0,D Ignore,1047,1,"Latest two closed candles are not same Gold/Blue color — small-cap potential, small-cap high risk, fresh signal, clean transition",https://www.tradingview.com/chart/?symbol=MBLUSDT,,,,,,2026-09-07,1,fresh
KNCUSDT,KNC/USDT,Gray,Unknown,No,Unknown → Gray (Gray),,,,0,D Ignore,719,11,"Latest two closed candles are not same Gold/Blue color — small-cap potential, small-cap high risk, clean transition",https://www.tradingview.com/chart/?symbol=KNCUSDT,,,,,,2026-09-07,1,fresh
AVAUSDT,AVA/USDT,Gray,Unknown,No,Unknown → Gray (Gray),,,,0,D Ignore,1108,1,"Latest two closed candles are not same Gold/Blue color — small-cap potential, small-cap high risk, fresh signal, clean transition",https://www.tradingview.com/chart/?symbol=AVAUSDT,,,,,,2026-09-07,1,fresh
DGBUSDT,DGB/USDT,Gold,Unknown,No,Unknown → Gold (Bullish),,,,0,D Ignore,302,41,"Two-color confirmation did not come immediately after Gray — small-cap potential, small-cap high risk, clean transition",https://www.tradingview.com/chart/?symbol=DGBUSDT,,,,,,2026-09-07,1,fresh
JOEUSDT,JOE/USDT,Gray,Unknown,No,Unknown → Gray (Gray),,,,0,D Ignore,1017,15,"Latest two closed candles are not same Gold/Blue color — small-cap potential, small-cap high risk, clean transition",https://www.tradingview.com/chart/?symbol=JOEUSDT,,,,,,2026-09-07,1,fresh
OGUSDT,OG/USDT,Gold,Unknown,No,Unknown → Gold (Bullish),,,,0,D Ignore,1064,11,"Two-color confirmation did not come immediately after Gray — small-cap potential, small-cap high risk, clean transition",https://www.tradingview.com/chart/?symbol=OGUSDT,,,,,,2026-09-07,1,fresh
TOWNSUSDT,TOWNS/USDT,Gray,Unknown,No,Unknown → Gray (Gray),,,,0,D Ignore,1742,28,"Latest two closed candles are not same Gold/Blue color — small-cap potential, small-cap high risk, clean transition",https://www.tradingview.com/chart/?symbol=TOWNSUSDT,,,,,,2026-09-07,1,fresh
BMNRBUSDT,BMNRB/USDT,Unknown,Unknown,No,Unknown → Unknown (A),,,,0,D Ignore,1644,,Not enough candles: 35 — not eligible for AI research,https://www.tradingview.com/chart/?symbol=BINANCE:BMNRBUSDT,,,,,,2026-09-07,1,fresh
DYMUSDT,DYM/USDT,Blue,Unknown,No,Unknown → Blue (Bearish),,,,0,D Ignore,1239,100,"Two-color confirmation did not come immediately after Gray — small-cap potential, small-cap high risk, clean transition",https://www.tradingview.com/chart/?symbol=DYMUSDT,,,,,,2026-09-07,1,fresh
GPSUSDT,GPS/USDT,Gold,Unknown,No,Unknown → Gold (Bullish),,,,0,D Ignore,395,77,"Two-color confirmation did not come immediately after Gray — small-cap potential, small-cap high risk, clean transition",https://www.tradingview.com/chart/?symbol=GPSUSDT,,,,,,2026-09-07,1,fresh
KATUSDT,KAT/USDT,Blue,Unknown,No,Unknown → Blue (Bearish),,,,0,D Ignore,1019,117,"Two-color confirmation did not come immediately after Gray — small-cap potential, small-cap high risk, clean transition",https://www.tradingview.com/chart/?symbol=KATUSDT,,,,,,2026-09-07,1,fresh
STOUSDT,STO/USDT,Blue,Unknown,No,Unknown → Blue (Bearish),,,,0,D Ignore,1261,122,"Two-color confirmation did not come immediately after Gray — small-cap potential, small-cap high risk, clean transition",https://www.tradingview.com/chart/?symbol=STOUSDT,,,,,,2026-09-07,1,fresh
SCRUSDT,SCR/USDT,Blue,Unknown,No,Unknown → Blue (Bearish),,,,0,D Ignore,1804,97,"Two-color confirmation did not come immediately after Gray — small-cap potential, small-cap high risk, clean transition",https://www.tradingview.com/chart/?symbol=SCRUSDT,,,,,,2026-09-07,1,fresh
KAIAUSDT,KAIA/USDT,Blue,Unknown,No,Unknown → Blue (Bearish),,,,0,D Ignore,178,97,Two-color confirmation did not come immediately after Gray — clean transition,https://www.tradingview.com/chart/?symbol=KAIAUSDT,,,,,,2026-09-07,1,fresh
COWUSDT,COW/USDT,Blue,Unknown,No,Unknown → Blue (Bearish),,,,0,D Ignore,335,167,"Two-color confirmation did not come immediately after Gray — small-cap potential, small-cap high risk, clean transition",https://www.tradingview.com/chart/?symbol=COWUSDT,,,,,,2026-09-07,1,fresh
ORCLBUSDT,ORCLB/USDT,Unknown,Unknown,No,Unknown → Unknown (A),,,,0,D Ignore,,,Not enough candles: 49 — not eligible for AI research,https://www.tradingview.com/chart/?symbol=BINANCE:ORCLBUSDT,,,,,,2026-09-07,1,fresh
CETUSUSDT,CETUS/USDT,Gold,Unknown,No,Unknown → Gold (Bullish),,,,0,D Ignore,803,17,"Two-color confirmation did not come immediately after Gray — small-cap potential, small-cap high risk, clean transition",https://www.tradingview.com/chart/?symbol=CETUSUSDT,,,,,,2026-09-07,1,fresh
RIFUSDT,RIF/USDT,Blue,Unknown,No,Unknown → Blue (Bearish),,,,0,D Ignore,341,25,"Two-color confirmation did not come immediately after Gray — small-cap potential, small-cap high risk, clean transition",https://www.tradingview.com/chart/?symbol=RIFUSDT,,,,,,2026-09-07,1,fresh
GOOGLBUSDT,GOOGLB/USDT,Unknown,Unknown,No,Unknown → Unknown (A),,,,0,D Ignore,709,,Not enough candles: 64 — not eligible for AI research,https://www.tradingview.com/chart/?symbol=BINANCE:GOOGLBUSDT,,,,,,2026-09-07,1,fresh
BABYUSDT,BABY/USDT,Blue,Unknown,No,Unknown → Blue (Bearish),,,,0,D Ignore,450,76,"Two-color confirmation did not come immediately after Gray — small-cap potential, small-cap high risk, clean transition",https://www.tradingview.com/chart/?symbol=BABYUSDT,,,,,,2026-09-07,1,fresh
SANTOSUSDT,SANTOS/USDT,Blue,Unknown,No,Unknown → Blue (Bearish),,,,0,D Ignore,1320,129,"Two-color confirmation did not come immediately after Gray — small-cap potential, small-cap high risk, clean transition",https://www.tradingview.com/chart/?symbol=SANTOSUSDT,,,,,,2026-09-07,1,fresh
ERAUSDT,ERA/USDT,Blue,Unknown,No,Unknown → Blue (Bearish),,,,0,D Ignore,1190,112,"Two-color confirmation did not come immediately after Gray — small-cap potential, small-cap high risk, clean transition",https://www.tradingview.com/chart/?symbol=ERAUSDT,,,,,,2026-09-07,1,fresh
OPGUSDT,OPG/USDT,Unknown,Unknown,No,Unknown → Unknown (A),,,,0,D Ignore,772,,Not enough candles: 110 — not eligible for AI research,https://www.tradingview.com/chart/?symbol=BINANCE:OPGUSDT,,,,,,2026-09-07,1,fresh
METABUSDT,METAB/USDT,Unknown,Unknown,No,Unknown → Unknown (A),,,,0,D Ignore,,,Not enough candles: 71 — not eligible for AI research,https://www.tradingview.com/chart/?symbol=BINANCE:METABUSDT,,,,,,2026-09-07,1,fresh
COINBUSDT,COINB/USDT,Unknown,Unknown,No,Unknown → Unknown (A),,,,0,D Ignore,961,,Not enough candles: 64 — not eligible for AI research,https://www.tradingview.com/chart/?symbol=BINANCE:COINBUSDT,,,,,,2026-09-07,1,fresh
RADUSDT,RAD/USDT,Gold,Unknown,No,Unknown → Gold (Bullish),,,,0,D Ignore,1040,15,"Two-color confirmation did not come immediately after Gray — small-cap potential, small-cap high risk, clean transition",https://www.tradingview.com/chart/?symbol=RADUSDT,,,,,,2026-09-07,1,fresh
GNOUSDT,GNO/USDT,Gold,Unknown,No,Unknown → Gold (Bullish),,,,0,D Ignore,137,17,Two-color confirmation did not come immediately after Gray — clean transition,https://www.tradingview.com/chart/?symbol=GNOUSDT,,,,,,2026-09-07,1,fresh
AVGOBUSDT,AVGOB/USDT,Unknown,Unknown,No,Unknown → Unknown (A),,,,0,D Ignore,1692,,Not enough candles: 56 — not eligible for AI research,https://www.tradingview.com/chart/?symbol=BINANCE:AVGOBUSDT,,,,,,2026-09-07,1,fresh
SNXUSDT,SNX/USDT,Blue,Unknown,No,Unknown → Blue (Bearish),,,,0,D Ignore,235,101,Two-color confirmation did not come immediately after Gray — clean transition,https://www.tradingview.com/chart/?symbol=SNXUSDT,,,,,,2026-09-07,1,fresh
QKCUSDT,QKC/USDT,Gray,Unknown,No,Unknown → Gray (Gray),,,,0,D Ignore,911,12,"Latest two closed candles are not same Gold/Blue color — small-cap potential, small-cap high risk, clean transition",https://www.tradingview.com/chart/?symbol=QKCUSDT,,,,,,2026-09-07,1,fresh
TQQQBUSDT,TQQQB/USDT,Unknown,Unknown,No,Unknown → Unknown (A),,,,0,D Ignore,,,Not enough candles: 49 — not eligible for AI research,https://www.tradingview.com/chart/?symbol=BINANCE:TQQQBUSDT,,,,,,2026-09-07,1,fresh
BELUSDT,BEL/USDT,Gold,Unknown,No,Unknown → Gold (Bullish),,,,0,D Ignore,1242,16,"Two-color confirmation did not come immediately after Gray — small-cap potential, small-cap high risk, clean transition",https://www.tradingview.com/chart/?symbol=BELUSDT,,,,,,2026-09-07,1,fresh
AXLUSDT,AXL/USDT,Gray,Unknown,No,Unknown → Gray (Gray),,,,0,D Ignore,426,8,"Latest two closed candles are not same Gold/Blue color — small-cap potential, small-cap high risk, clean transition",https://www.tradingview.com/chart/?symbol=AXLUSDT,,,,,,2026-09-07,1,fresh
ACTUSDT,ACT/USDT,Gold,Unknown,No,Unknown → Gold (Bullish),,,,0,D Ignore,1198,11,"Two-color confirmation did not come immediately after Gray — small-cap potential, small-cap high risk, clean transition",https://www.tradingview.com/chart/?symbol=ACTUSDT,,,,,,2026-09-07,1,fresh
AUDIOUSDT,AUDIO/USDT,Blue,Unknown,No,Unknown → Blue (Bearish),,,,0,D Ignore,869,103,"Two-color confirmation did not come immediately after Gray — small-cap potential, small-cap high risk, clean transition",https://www.tradingview.com/chart/?symbol=AUDIOUSDT,,,,,,2026-09-07,1,fresh
VANAUSDT,VANA/USDT,Blue,Unknown,No,Unknown → Blue (Bearish),,,,0,D Ignore,680,95,"Two-color confirmation did not come immediately after Gray — small-cap potential, small-cap high risk, clean transition",https://www.tradingview.com/chart/?symbol=VANAUSDT,,,,,,2026-09-07,1,fresh
WALUSDT,WAL/USDT,Blue,Unknown,No,Unknown → Blue (Bearish),,,,0,D Ignore,354,111,"Two-color confirmation did not come immediately after Gray — small-cap potential, small-cap high risk, clean transition",https://www.tradingview.com/chart/?symbol=WALUSDT,,,,,,2026-09-07,1,fresh
THEUSDT,THE/USDT,Gray,Unknown,No,Unknown → Gray (Gray),,,,0,D Ignore,1231,18,"Latest two closed candles are not same Gold/Blue color — small-cap potential, small-cap high risk, clean transition",https://www.tradingview.com/chart/?symbol=THEUSDT,,,,,,2026-09-07,1,fresh
AMPUSDT,AMP/USDT,Gray,Unknown,No,Unknown → Gray (Gray),,,,0,D Ignore,537,3,"Latest two closed candles are not same Gold/Blue color — small-cap potential, small-cap high risk, clean transition",https://www.tradingview.com/chart/?symbol=AMPUSDT,,,,,,2026-09-07,1,fresh
XAIUSDT,XAI/USDT,Gray,Unknown,No,Unknown → Gray (Gray),,,,0,D Ignore,972,14,"Latest two closed candles are not same Gold/Blue color — small-cap potential, small-cap high risk, clean transition",https://www.tradingview.com/chart/?symbol=XAIUSDT,,,,,,2026-09-07,1,fresh
FOGOUSDT,FOGO/USDT,Blue,Unknown,No,Unknown → Blue (Bearish),,,,0,D Ignore,720,115,"Two-color confirmation did not come immediately after Gray — small-cap potential, small-cap high risk, clean transition",https://www.tradingview.com/chart/?symbol=FOGOUSDT,,,,,,2026-09-07,1,fresh
AEVOUSDT,AEVO/USDT,Gold,Unknown,No,Unknown → Gold (Bullish),,,,0,D Ignore,801,14,"Two-color confirmation did not come immediately after Gray — small-cap potential, small-cap high risk, clean transition",https://www.tradingview.com/chart/?symbol=AEVOUSDT,,,,,,2026-09-07,1,fresh
PUNDIXUSDT,PUNDIX/USDT,Gray,Unknown,No,Unknown → Gray (Gray),,,,0,D Ignore,742,10,"Latest two closed candles are not same Gold/Blue color — small-cap potential, small-cap high risk, clean transition",https://www.tradingview.com/chart/?symbol=PUNDIXUSDT,,,,,,2026-09-07,1,fresh
GUNUSDT,GUN/USDT,Blue,Unknown,No,Unknown → Blue (Bearish),,,,0,D Ignore,1214,166,"Two-color confirmation did not come immediately after Gray — small-cap potential, small-cap high risk, clean transition",https://www.tradingview.com/chart/?symbol=GUNUSDT,,,,,,2026-09-07,1,fresh
IDUSDT,ID/USDT,Gray,Unknown,No,Unknown → Gray (Gray),,,,0,D Ignore,464,6,"Latest two closed candles are not same Gold/Blue color — small-cap potential, small-cap high risk, clean transition",https://www.tradingview.com/chart/?symbol=IDUSDT,,,,,,2026-09-07,1,fresh
API3USDT,API3/USDT,Gray,Unknown,No,Unknown → Gray (Gray),,,,0,D Ignore,618,9,"Latest two closed candles are not same Gold/Blue color — small-cap potential, small-cap high risk, clean transition",https://www.tradingview.com/chart/?symbol=API3USDT,,,,,,2026-09-07,1,fresh
KMNOUSDT,KMNO/USDT,Gold,Unknown,No,Unknown → Gold (Bullish),,,,0,D Ignore,226,17,Two-color confirmation did not come immediately after Gray — clean transition,https://www.tradingview.com/chart/?symbol=KMNOUSDT,,,,,,2026-09-07,1,fresh
WOOUSDT,WOO/USDT,Blue,Unknown,No,Unknown → Blue (Bearish),,,,0,D Ignore,807,105,"Two-color confirmation did not come immediately after Gray — small-cap potential, small-cap high risk, clean transition",https://www.tradingview.com/chart/?symbol=WOOUSDT,,,,,,2026-09-07,1,fresh
MANAUSDT,MANA/USDT,Gold,Unknown,No,Unknown → Gold (Bullish),,,,0,D Ignore,214,0,"Latest two closed candles are not same Gold/Blue color — fresh signal, clean transition",https://www.tradingview.com/chart/?symbol=MANAUSDT,,,,,,2026-09-07,1,fresh
ATMUSDT,ATM/USDT,Blue,Unknown,No,Unknown → Blue (Bearish),,,,0,D Ignore,1200,19,"Two-color confirmation did not come immediately after Gray — small-cap potential, small-cap high risk, clean transition",https://www.tradingview.com/chart/?symbol=ATMUSDT,,,,,,2026-09-07,1,fresh
ACHUSDT,ACH/USDT,Gray,Unknown,No,Unknown → Gray (Gray),,,,0,D Ignore,,13,Latest two closed candles are not same Gold/Blue color — clean transition,https://www.tradingview.com/chart/?symbol=ACHUSDT,,,,,,2026-09-07,1,fresh
NMRUSDT,NMR/USDT,Gold,Unknown,No,Unknown → Gold (Bullish),,,,0,D Ignore,381,3,"Two-color confirmation did not come immediately after Gray — small-cap potential, small-cap high risk, clean transition",https://www.tradingview.com/chart/?symbol=NMRUSDT,,,,,,2026-09-07,1,fresh
RVNUSDT,RVN/USDT,Blue,Unknown,No,Unknown → Blue (Bearish),,,,0,D Ignore,460,107,"Two-color confirmation did not come immediately after Gray — small-cap potential, small-cap high risk, clean transition",https://www.tradingview.com/chart/?symbol=RVNUSDT,,,,,,2026-09-07,1,fresh
TNSRUSDT,TNSR/USDT,Gold,Unknown,No,Unknown → Gold (Bullish),,,,0,D Ignore,701,3,"Two-color confirmation did not come immediately after Gray — small-cap potential, small-cap high risk, clean transition",https://www.tradingview.com/chart/?symbol=TNSRUSDT,,,,,,2026-09-07,1,fresh
RSRUSDT,RSR/USDT,Gold,Unknown,No,Unknown → Gold (Bullish),,,,0,D Ignore,300,2,Two-color confirmation did not come immediately after Gray — clean transition,https://www.tradingview.com/chart/?symbol=RSRUSDT,,,,,,2026-09-07,1,fresh
LITEBUSDT,LITEB/USDT,Unknown,Unknown,No,Unknown → Unknown (A),,,,0,D Ignore,,,Not enough candles: 71 — not eligible for AI research,https://www.tradingview.com/chart/?symbol=BINANCE:LITEBUSDT,,,,,,2026-09-07,1,fresh
COHRBUSDT,COHRB/USDT,Unknown,Unknown,No,Unknown → Unknown (A),,,,0,D Ignore,1894,,Not enough candles: 35 — not eligible for AI research,https://www.tradingview.com/chart/?symbol=BINANCE:COHRBUSDT,,,,,,2026-09-07,1,fresh
CRDOBUSDT,CRDOB/USDT,Unknown,Unknown,No,Unknown → Unknown (A),,,,0,D Ignore,,,Not enough candles: 35 — not eligible for AI research,https://www.tradingview.com/chart/?symbol=BINANCE:CRDOBUSDT,,,,,,2026-09-07,1,fresh
CELRUSDT,CELR/USDT,Gold,Unknown,No,Unknown → Gold (Bullish),,,,0,D Ignore,922,11,"Two-color confirmation did not come immediately after Gray — small-cap potential, small-cap high risk, clean transition",https://www.tradingview.com/chart/?symbol=CELRUSDT,,,,,,2026-09-07,1,fresh
SPELLUSDT,SPELL/USDT,Blue,Unknown,No,Unknown → Blue (Bearish),,,,0,D Ignore,1020,113,"Two-color confirmation did not come immediately after Gray — small-cap potential, small-cap high risk, clean transition",https://www.tradingview.com/chart/?symbol=SPELLUSDT,,,,,,2026-09-07,1,fresh
SYNUSDT,SYN/USDT,Blue,Unknown,No,Unknown → Blue (Bearish),,,,0,D Ignore,871,30,"Two-color confirmation did not come immediately after Gray — small-cap potential, small-cap high risk, clean transition",https://www.tradingview.com/chart/?symbol=SYNUSDT,,,,,,2026-09-07,1,fresh
AIUSDT,AI/USDT,Blue,Unknown,No,Unknown → Blue (Bearish),,,,0,D Ignore,153,78,Two-color confirmation did not come immediately after Gray — clean transition,https://www.tradingview.com/chart/?symbol=AIUSDT,,,,,,2026-09-07,1,fresh
AUSDT,A/USDT,Gold,Unknown,No,Unknown → Gold (Bullish),,,,0,D Ignore,229,7,Two-color confirmation did not come immediately after Gray — clean transition,https://www.tradingview.com/chart/?symbol=AUSDT,,,,,,2026-09-07,1,fresh
GLMRUSDT,GLMR/USDT,Blue,Unknown,No,Unknown → Blue (Bearish),,,,0,D Ignore,1432,97,"Two-color confirmation did not come immediately after Gray — small-cap potential, small-cap high risk, clean transition",https://www.tradingview.com/chart/?symbol=GLMRUSDT,,,,,,2026-09-07,1,fresh
C98USDT,C98/USDT,Gray,Unknown,No,Unknown → Gray (Gray),,,,0,D Ignore,1013,23,"Latest two closed candles are not same Gold/Blue color — small-cap potential, small-cap high risk, clean transition",https://www.tradingview.com/chart/?symbol=C98USDT,,,,,,2026-09-07,1,fresh
XECUSDT,XEC/USDT,Gold,Unknown,No,Unknown → Gold (Bullish),,,,0,D Ignore,212,48,Two-color confirmation did not come immediately after Gray — clean transition,https://www.tradingview.com/chart/?symbol=XECUSDT,,,,,,2026-09-07,1,fresh
HIVEUSDT,HIVE/USDT,Blue,Unknown,No,Unknown → Blue (Bearish),,,,0,D Ignore,743,95,"Two-color confirmation did not come immediately after Gray — small-cap potential, small-cap high risk, clean transition",https://www.tradingview.com/chart/?symbol=HIVEUSDT,,,,,,2026-09-07,1,fresh
ARPAUSDT,ARPA/USDT,Gold,Unknown,No,Unknown → Gold (Bullish),,,,0,D Ignore,941,10,"Two-color confirmation did not come immediately after Gray — small-cap potential, small-cap high risk, clean transition",https://www.tradingview.com/chart/?symbol=ARPAUSDT,,,,,,2026-09-07,1,fresh
GASUSDT,GAS/USDT,Gold,Unknown,No,Unknown → Gold (Bullish),,,,0,D Ignore,317,5,"Two-color confirmation did not come immediately after Gray — small-cap potential, small-cap high risk, clean transition",https://www.tradingview.com/chart/?symbol=GASUSDT,,,,,,2026-09-07,1,fresh
BANANAUSDT,BANANA/USDT,Gold,Unknown,No,Unknown → Gold (Bullish),,,,0,D Ignore,965,41,"Two-color confirmation did not come immediately after Gray — small-cap potential, small-cap high risk, clean transition",https://www.tradingview.com/chart/?symbol=BANANAUSDT,,,,,,2026-09-07,1,fresh
TSMBUSDT,TSMB/USDT,Unknown,Unknown,No,Unknown → Unknown (A),,,,0,D Ignore,1798,,Not enough candles: 56 — not eligible for AI research,https://www.tradingview.com/chart/?symbol=BINANCE:TSMBUSDT,,,,,,2026-09-07,1,fresh
QIUSDT,QI/USDT,Gray,Unknown,No,Unknown → Gray (Gray),,,,0,D Ignore,1277,28,"Latest two closed candles are not same Gold/Blue color — small-cap potential, small-cap high risk, clean transition",https://www.tradingview.com/chart/?symbol=QIUSDT,,,,,,2026-09-07,1,fresh
NEWTUSDT,NEWT/USDT,Blue,Unknown,No,Unknown → Blue (Bearish),,,,0,D Ignore,1259,96,"Two-color confirmation did not come immediately after Gray — small-cap potential, small-cap high risk, clean transition",https://www.tradingview.com/chart/?symbol=NEWTUSDT,,,,,,2026-09-07,1,fresh
BABABUSDT,BABAB/USDT,Unknown,Unknown,No,Unknown → Unknown (A),,,,0,D Ignore,1865,,Not enough candles: 56 — not eligible for AI research,https://www.tradingview.com/chart/?symbol=BINANCE:BABABUSDT,,,,,,2026-09-07,1,fresh
GMEBUSDT,GMEB/USDT,Unknown,Unknown,No,Unknown → Unknown (A),,,,0,D Ignore,1556,,Not enough candles: 28 — not eligible for AI research,https://www.tradingview.com/chart/?symbol=BINANCE:GMEBUSDT,,,,,,2026-09-07,1,fresh
ANKRUSDT,ANKR/USDT,Gold,Unknown,No,Unknown → Gold (Bullish),,,,0,D Ignore,512,5,"Two-color confirmation did not come immediately after Gray — small-cap potential, small-cap high risk, clean transition",https://www.tradingview.com/chart/?symbol=ANKRUSDT,,,,,,2026-09-07,1,fresh
MOVEUSDT,MOVE/USDT,Blue,Unknown,No,Unknown → Blue (Bearish),,,,0,D Ignore,548,170,"Two-color confirmation did not come immediately after Gray — small-cap potential, small-cap high risk, clean transition",https://www.tradingview.com/chart/?symbol=MOVEUSDT,,,,,,2026-09-07,1,fresh
WDCBUSDT,WDCB/USDT,Unknown,Unknown,No,Unknown → Unknown (A),,,,0,D Ignore,,,Not enough candles: 64 — not eligible for AI research,https://www.tradingview.com/chart/?symbol=BINANCE:WDCBUSDT,,,,,,2026-09-07,1,fresh
TLMUSDT,TLM/USDT,Blue,Unknown,No,Unknown → Blue (Bearish),,,,0,D Ignore,1208,20,"Two-color confirmation did not come immediately after Gray — small-cap potential, small-cap high risk, clean transition",https://www.tradingview.com/chart/?symbol=TLMUSDT,,,,,,2026-09-07,1,fresh
PSGUSDT,PSG/USDT,Blue,Unknown,No,Unknown → Blue (Bearish),,,,0,D Ignore,1346,92,"Two-color confirmation did not come immediately after Gray — small-cap potential, small-cap high risk, clean transition",https://www.tradingview.com/chart/?symbol=PSGUSDT,,,,,,2026-09-07,1,fresh
LAZIOUSDT,LAZIO/USDT,Gray,Unknown,No,Unknown → Gray (Gray),,,,0,D Ignore,1661,5,"Latest two closed candles are not same Gold/Blue color — small-cap potential, small-cap high risk, clean transition",https://www.tradingview.com/chart/?symbol=LAZIOUSDT,,,,,,2026-09-07,1,fresh
LUMIAUSDT,LUMIA/USDT,Blue,Unknown,No,Unknown → Blue (Bearish),,,,0,D Ignore,865,51,"Two-color confirmation did not come immediately after Gray — small-cap potential, small-cap high risk, clean transition",https://www.tradingview.com/chart/?symbol=LUMIAUSDT,,,,,,2026-09-07,1,fresh
ALABBUSDT,ALABB/USDT,Unknown,Unknown,No,Unknown → Unknown (A),,,,0,D Ignore,,,Not enough candles: 35 — not eligible for AI research,https://www.tradingview.com/chart/?symbol=BINANCE:ALABBUSDT,,,,,,2026-09-07,1,fresh
CYBERUSDT,CYBER/USDT,Blue,Unknown,No,Unknown → Blue (Bearish),,,,0,D Ignore,879,112,"Two-color confirmation did not come immediately after Gray — small-cap potential, small-cap high risk, clean transition",https://www.tradingview.com/chart/?symbol=CYBERUSDT,,,,,,2026-09-07,1,fresh
IRENBUSDT,IRENB/USDT,Unknown,Unknown,No,Unknown → Unknown (A),,,,0,D Ignore,,,Not enough candles: 35 — not eligible for AI research,https://www.tradingview.com/chart/?symbol=BINANCE:IRENBUSDT,,,,,,2026-09-07,1,fresh
OSMOUSDT,OSMO/USDT,Gray,Unknown,No,Unknown → Gray (Gray),,,,0,D Ignore,688,11,"Latest two closed candles are not same Gold/Blue color — small-cap potential, small-cap high risk, clean transition",https://www.tradingview.com/chart/?symbol=OSMOUSDT,,,,,,2026-09-07,1,fresh
CITYUSDT,CITY/USDT,Blue,Unknown,No,Unknown → Blue (Bearish),,,,0,D Ignore,1652,112,"Two-color confirmation did not come immediately after Gray — small-cap potential, small-cap high risk, clean transition",https://www.tradingview.com/chart/?symbol=CITYUSDT,,,,,,2026-09-07,1,fresh
INITUSDT,INIT/USDT,Gray,Unknown,No,Unknown → Gray (Gray),,,,0,D Ignore,1043,7,"Latest two closed candles are not same Gold/Blue color — small-cap potential, small-cap high risk, clean transition",https://www.tradingview.com/chart/?symbol=INITUSDT,,,,,,2026-09-07,1,fresh
BANANAS31USDT,BANANAS31/USDT,Gray,Unknown,No,Unknown → Gray (Gray),,,,0,D Ignore,314,22,"Latest two closed candles are not same Gold/Blue color — small-cap potential, small-cap high risk, clean transition",https://www.tradingview.com/chart/?symbol=BANANAS31USDT,,,,,,2026-09-07,1,fresh
MANTAUSDT,MANTA/USDT,Blue,Unknown,No,Unknown → Blue (Bearish),,,,0,D Ignore,664,62,"Two-color confirmation did not come immediately after Gray — small-cap potential, small-cap high risk, clean transition",https://www.tradingview.com/chart/?symbol=MANTAUSDT,,,,,,2026-09-07,1,fresh
ACMUSDT,ACM/USDT,Blue,Unknown,No,Unknown → Blue (Bearish),,,,0,D Ignore,1809,113,"Two-color confirmation did not come immediately after Gray — small-cap potential, small-cap high risk, clean transition",https://www.tradingview.com/chart/?symbol=ACMUSDT,,,,,,2026-09-07,1,fresh
MEUSDT,ME/USDT,Blue,Unknown,No,Unknown → Blue (Bearish),,,,0,D Ignore,540,10,"Two-color confirmation did not come immediately after Gray — small-cap potential, small-cap high risk, clean transition",https://www.tradingview.com/chart/?symbol=MEUSDT,,,,,,2026-09-07,1,fresh
RONINUSDT,RONIN/USDT,Blue,Unknown,No,Unknown → Blue (Bearish),,,,0,D Ignore,,102,Two-color confirmation did not come immediately after Gray — clean transition,https://www.tradingview.com/chart/?symbol=RONINUSDT,,,,,,2026-09-07,1,fresh
SHELLUSDT,SHELL/USDT,Gray,Unknown,No,Unknown → Gray (Gray),,,,0,D Ignore,1525,12,"Latest two closed candles are not same Gold/Blue color — small-cap potential, small-cap high risk, clean transition",https://www.tradingview.com/chart/?symbol=SHELLUSDT,,,,,,2026-09-07,1,fresh
GMTUSDT,GMT/USDT,Gray,Unknown,No,Unknown → Gray (Gray),,,,0,D Ignore,776,1,"Latest two closed candles are not same Gold/Blue color — small-cap potential, small-cap high risk, fresh signal, clean transition",https://www.tradingview.com/chart/?symbol=GMTUSDT,,,,,,2026-09-07,1,fresh
RESOLVUSDT,RESOLV/USDT,Blue,Unknown,No,Unknown → Blue (Bearish),,,,0,D Ignore,1319,170,"Two-color confirmation did not come immediately after Gray — small-cap potential, small-cap high risk, clean transition",https://www.tradingview.com/chart/?symbol=RESOLVUSDT,,,,,,2026-09-07,1,fresh
GENIUSUSDT,GENIUS/USDT,Unknown,Unknown,No,Unknown → Unknown (A),,,,0,D Ignore,283,,Not enough candles: 110 — not eligible for AI research,https://www.tradingview.com/chart/?symbol=BINANCE:GENIUSUSDT,,,,,,2026-09-07,1,fresh
MAGICUSDT,MAGIC/USDT,Gray,Unknown,No,Unknown → Gray (Gray),,,,0,D Ignore,983,11,"Latest two closed candles are not same Gold/Blue color — small-cap potential, small-cap high risk, clean transition",https://www.tradingview.com/chart/?symbol=MAGICUSDT,,,,,,2026-09-07,1,fresh
AMZNBUSDT,AMZNB/USDT,Unknown,Unknown,No,Unknown → Unknown (A),,,,0,D Ignore,,,Not enough candles: 42 — not eligible for AI research,https://www.tradingview.com/chart/?symbol=BINANCE:AMZNBUSDT,,,,,,2026-09-07,1,fresh
KERNELUSDT,KERNEL/USDT,Gray,Unknown,No,Unknown → Gray (Gray),,,,0,D Ignore,1136,3,"Latest two closed candles are not same Gold/Blue color — small-cap potential, small-cap high risk, clean transition",https://www.tradingview.com/chart/?symbol=KERNELUSDT,,,,,,2026-09-07,1,fresh
ANIMEUSDT,ANIME/USDT,Gray,Unknown,No,Unknown → Gray (Gray),,,,0,D Ignore,980,6,"Latest two closed candles are not same Gold/Blue color — small-cap potential, small-cap high risk, clean transition",https://www.tradingview.com/chart/?symbol=ANIMEUSDT,,,,,,2026-09-07,1,fresh
ATUSDT,AT/USDT,Gold,Unknown,No,Unknown → Gold (Bullish),,,,0,D Ignore,599,1,"Two-color confirmation did not come immediately after Gray — small-cap potential, small-cap high risk, fresh signal, clean transition",https://www.tradingview.com/chart/?symbol=ATUSDT,,,,,,2026-09-07,1,fresh
SXTUSDT,SXT/USDT,Gray,Unknown,No,Unknown → Gray (Gray),,,,0,D Ignore,532,12,"Latest two closed candles are not same Gold/Blue color — small-cap potential, small-cap high risk, clean transition",https://www.tradingview.com/chart/?symbol=SXTUSDT,,,,,,2026-09-07,1,fresh
BREVUSDT,BREV/USDT,Gray,Unknown,No,Unknown → Gray (Gray),,,,0,D Ignore,868,2,"Latest two closed candles are not same Gold/Blue color — small-cap potential, small-cap high risk, clean transition",https://www.tradingview.com/chart/?symbol=BREVUSDT,,,,,,2026-09-07,1,fresh
TKOUSDT,TKO/USDT,Gold,Unknown,No,Unknown → Gold (Bullish),,,,0,D Ignore,1823,16,"Two-color confirmation did not come immediately after Gray — small-cap potential, small-cap high risk, clean transition",https://www.tradingview.com/chart/?symbol=TKOUSDT,,,,,,2026-09-07,1,fresh
WCTUSDT,WCT/USDT,Blue,Unknown,No,Unknown → Blue (Bearish),,,,0,D Ignore,921,98,"Two-color confirmation did not come immediately after Gray — small-cap potential, small-cap high risk, clean transition",https://www.tradingview.com/chart/?symbol=WCTUSDT,,,,,,2026-09-07,1,fresh
JUVUSDT,JUV/USDT,Blue,Unknown,No,Unknown → Blue (Bearish),,,,0,D Ignore,1656,170,"Two-color confirmation did not come immediately after Gray — small-cap potential, small-cap high risk, clean transition",https://www.tradingview.com/chart/?symbol=JUVUSDT,,,,,,2026-09-07,1,fresh
CELOUSDT,CELO/USDT,Gold,Unknown,No,Unknown → Gold (Bullish),,,,0,D Ignore,477,8,"Two-color confirmation did not come immediately after Gray — small-cap potential, small-cap high risk, clean transition",https://www.tradingview.com/chart/?symbol=CELOUSDT,,,,,,2026-09-07,1,fresh
XVSUSDT,XVS/USDT,Gold,Unknown,No,Unknown → Gold (Bullish),,,,0,D Ignore,433,49,"Two-color confirmation did not come immediately after Gray — small-cap potential, small-cap high risk, clean transition",https://www.tradingview.com/chart/?symbol=XVSUSDT,,,,,,2026-09-07,1,fresh
NOKBUSDT,NOKB/USDT,Unknown,Unknown,No,Unknown → Unknown (A),,,,0,D Ignore,,,Not enough candles: 56 — not eligible for AI research,https://www.tradingview.com/chart/?symbol=BINANCE:NOKBUSDT,,,,,,2026-09-07,1,fresh
CRWVBUSDT,CRWVB/USDT,Unknown,Unknown,No,Unknown → Unknown (A),,,,0,D Ignore,,,Not enough candles: 49 — not eligible for AI research,https://www.tradingview.com/chart/?symbol=BINANCE:CRWVBUSDT,,,,,,2026-09-07,1,fresh
STGUSDT,STG/USDT,Gray,Unknown,No,Unknown → Gray (Gray),,,,0,D Ignore,780,9,"Latest two closed candles are not same Gold/Blue color — small-cap potential, small-cap high risk, clean transition",https://www.tradingview.com/chart/?symbol=STGUSDT,,,,,,2026-09-07,1,fresh
FLUXUSDT,FLUX/USDT,Gray,Unknown,No,Unknown → Gray (Gray),,,,0,D Ignore,815,10,"Latest two closed candles are not same Gold/Blue color — small-cap potential, small-cap high risk, clean transition",https://www.tradingview.com/chart/?symbol=FLUXUSDT,,,,,,2026-09-07,1,fresh
INTWBUSDT,INTWB/USDT,Unknown,Unknown,No,Unknown → Unknown (A),,,,0,D Ignore,,,Not enough candles: 49 — not eligible for AI research,https://www.tradingview.com/chart/?symbol=BINANCE:INTWBUSDT,,,,,,2026-09-07,1,fresh
SAPIENUSDT,SAPIEN/USDT,Gray,Unknown,No,Unknown → Gray (Gray),,,,0,D Ignore,1000,0,"Latest two closed candles are not same Gold/Blue color — small-cap potential, small-cap high risk, fresh signal, clean transition",https://www.tradingview.com/chart/?symbol=SAPIENUSDT,,,,,,2026-09-07,1,fresh
BARUSDT,BAR/USDT,Blue,Unknown,No,Unknown → Blue (Bearish),,,,0,D Ignore,1389,140,"Two-color confirmation did not come immediately after Gray — small-cap potential, small-cap high risk, clean transition",https://www.tradingview.com/chart/?symbol=BARUSDT,,,,,,2026-09-07,1,fresh
DJTBUSDT,DJTB/USDT,Unknown,Unknown,No,Unknown → Unknown (A),,,,0,D Ignore,,,Not enough candles: 14 — not eligible for AI research,https://www.tradingview.com/chart/?symbol=BINANCE:DJTBUSDT,,,,,,2026-09-07,1,fresh
SSVUSDT,SSV/USDT,Gold,Unknown,No,Unknown → Gold (Bullish),,,,0,D Ignore,514,15,"Two-color confirmation did not come immediately after Gray — small-cap potential, small-cap high risk, clean transition",https://www.tradingview.com/chart/?symbol=SSVUSDT,,,,,,2026-09-07,1,fresh
RAREUSDT,RARE/USDT,Blue,Unknown,No,Unknown → Blue (Bearish),,,,0,D Ignore,1199,103,"Two-color confirmation did not come immediately after Gray — small-cap potential, small-cap high risk, clean transition",https://www.tradingview.com/chart/?symbol=RAREUSDT,,,,,,2026-09-07,1,fresh
AMATBUSDT,AMATB/USDT,Unknown,Unknown,No,Unknown → Unknown (A),,,,0,D Ignore,,,Not enough candles: 42 — not eligible for AI research,https://www.tradingview.com/chart/?symbol=BINANCE:AMATBUSDT,,,,,,2026-09-07,1,fresh
DELLBUSDT,DELLB/USDT,Unknown,Unknown,No,Unknown → Unknown (A),,,,0,D Ignore,,,Not enough candles: 42 — not eligible for AI research,https://www.tradingview.com/chart/?symbol=BINANCE:DELLBUSDT,,,,,,2026-09-07,1,fresh
COOKIEUSDT,COOKIE/USDT,Gold,Unknown,No,Unknown → Gold (Bullish),,,,0,D Ignore,1280,10,"Two-color confirmation did not come immediately after Gray — small-cap potential, small-cap high risk, clean transition",https://www.tradingview.com/chart/?symbol=COOKIEUSDT,,,,,,2026-09-07,1,fresh
ALPINEUSDT,ALPINE/USDT,Gray,Unknown,No,Unknown → Gray (Gray),,,,0,D Ignore,1817,19,"Latest two closed candles are not same Gold/Blue color — small-cap potential, small-cap high risk, clean transition",https://www.tradingview.com/chart/?symbol=ALPINEUSDT,,,,,,2026-09-07,1,fresh
QCOMBUSDT,QCOMB/USDT,Unknown,Unknown,No,Unknown → Unknown (A),,,,0,D Ignore,,,Not enough candles: 64 — not eligible for AI research,https://www.tradingview.com/chart/?symbol=BINANCE:QCOMBUSDT,,,,,,2026-09-07,1,fresh
STRAXUSDT,STRAX/USDT,Gray,Unknown,No,Unknown → Gray (Gray),,,,0,D Ignore,811,5,"Latest two closed candles are not same Gold/Blue color — small-cap potential, small-cap high risk, clean transition",https://www.tradingview.com/chart/?symbol=STRAXUSDT,,,,,,2026-09-07,1,fresh
UMAUSDT,UMA/USDT,Gray,Unknown,No,Unknown → Gray (Gray),,,,0,D Ignore,602,5,"Latest two closed candles are not same Gold/Blue color — small-cap potential, small-cap high risk, clean transition",https://www.tradingview.com/chart/?symbol=UMAUSDT,,,,,,2026-09-07,1,fresh
CHRUSDT,CHR/USDT,Gray,Unknown,No,Unknown → Gray (Gray),,,,0,D Ignore,988,11,"Latest two closed candles are not same Gold/Blue color — small-cap potential, small-cap high risk, clean transition",https://www.tradingview.com/chart/?symbol=CHRUSDT,,,,,,2026-09-07,1,fresh
ASTSBUSDT,ASTSB/USDT,Unknown,Unknown,No,Unknown → Unknown (A),,,,0,D Ignore,,,Not enough candles: 35 — not eligible for AI research,https://www.tradingview.com/chart/?symbol=BINANCE:ASTSBUSDT,,,,,,2026-09-07,1,fresh
WINUSDT,WIN/USDT,Gold,Unknown,No,Unknown → Gold (Bullish),,,,0,D Ignore,580,65,"Two-color confirmation did not come immediately after Gray — small-cap potential, small-cap high risk, clean transition",https://www.tradingview.com/chart/?symbol=WINUSDT,,,,,,2026-09-07,1,fresh
ZILUSDT,ZIL/USDT,Gray,Unknown,No,Unknown → Gray (Gray),,,,0,D Ignore,420,0,"Latest two closed candles are not same Gold/Blue color — small-cap potential, small-cap high risk, fresh signal, clean transition",https://www.tradingview.com/chart/?symbol=ZILUSDT,,,,,,2026-09-07,1,fresh
BLURUSDT,BLUR/USDT,Gray,Unknown,No,Unknown → Gray (Gray),,,,0,D Ignore,462,6,"Latest two closed candles are not same Gold/Blue color — small-cap potential, small-cap high risk, clean transition",https://www.tradingview.com/chart/?symbol=BLURUSDT,,,,,,2026-09-07,1,fresh
BTTCUSDT,BTTC/USDT,Gold,Unknown,No,Unknown → Gold (Bullish),,,,0,D Ignore,,7,Two-color confirmation did not come immediately after Gray — clean transition,https://www.tradingview.com/chart/?symbol=BTTCUSDT,,,,,,2026-09-07,1,fresh
SLPUSDT,SLP/USDT,Gold,Unknown,No,Unknown → Gold (Bullish),,,,0,D Ignore,768,15,"Two-color confirmation did not come immediately after Gray — small-cap potential, small-cap high risk, clean transition",https://www.tradingview.com/chart/?symbol=SLPUSDT,,,,,,2026-09-07,1,fresh
USARBUSDT,USARB/USDT,Unknown,Unknown,No,Unknown → Unknown (A),,,,0,D Ignore,,,Not enough candles: 35 — not eligible for AI research,https://www.tradingview.com/chart/?symbol=BINANCE:USARBUSDT,,,,,,2026-09-07,1,fresh
RKLBBUSDT,RKLBB/USDT,Unknown,Unknown,No,Unknown → Unknown (A),,,,0,D Ignore,,,Not enough candles: 56 — not eligible for AI research,https://www.tradingview.com/chart/?symbol=BINANCE:RKLBBUSDT,,,,,,2026-09-07,1,fresh
SMHBUSDT,SMHB/USDT,Unknown,Unknown,No,Unknown → Unknown (A),,,,0,D Ignore,,,Not enough candles: 42 — not eligible for AI research,https://www.tradingview.com/chart/?symbol=BINANCE:SMHBUSDT,,,,,,2026-09-07,1,fresh
XNOUSDT,XNO/USDT,Gold,Unknown,No,Unknown → Gold (Bullish),,,,0,D Ignore,446,12,"Two-color confirmation did not come immediately after Gray — small-cap potential, small-cap high risk, clean transition",https://www.tradingview.com/chart/?symbol=XNOUSDT,,,,,,2026-09-07,1,fresh
FRAXUSDT,FRAX/USDT,Gray,Unknown,No,Unknown → Gray (Gray),,,Yes,0,D Ignore,169,29,Latest two closed candles are not same Gold/Blue color — clean transition,https://www.tradingview.com/chart/?symbol=FRAXUSDT,,,,,,2026-09-07,1,fresh
ARMBUSDT,ARMB/USDT,Unknown,Unknown,No,Unknown → Unknown (A),,,,0,D Ignore,,,Not enough candles: 56 — not eligible for AI research,https://www.tradingview.com/chart/?symbol=BINANCE:ARMBUSDT,,,,,,2026-09-07,1,fresh
REQUSDT,REQ/USDT,Gray,Unknown,No,Unknown → Gray (Gray),,,,0,D Ignore,518,12,"Latest two closed candles are not same Gold/Blue color — small-cap potential, small-cap high risk, clean transition",https://www.tradingview.com/chart/?symbol=REQUSDT,,,,,,2026-09-07,1,fresh
NXPCUSDT,NXPC/USDT,Blue,Unknown,No,Unknown → Blue (Bearish),,,,0,D Ignore,394,71,"Two-color confirmation did not come immediately after Gray — small-cap potential, small-cap high risk, clean transition",https://www.tradingview.com/chart/?symbol=NXPCUSDT,,,,,,2026-09-07,1,fresh
SFPUSDT,SFP/USDT,Gold,Unknown,No,Unknown → Gold (Bullish),,,,0,D Ignore,222,14,Two-color confirmation did not come immediately after Gray — clean transition,https://www.tradingview.com/chart/?symbol=SFPUSDT,,,,,,2026-09-07,1,fresh
BNTUSDT,BNT/USDT,Gold,Unknown,No,Unknown → Gold (Bullish),,,,0,D Ignore,634,15,"Two-color confirmation did not come immediately after Gray — small-cap potential, small-cap high risk, clean transition",https://www.tradingview.com/chart/?symbol=BNTUSDT,,,,,,2026-09-07,1,fresh
AGLDUSDT,AGLD/USDT,Gray,Unknown,No,Unknown → Gray (Gray),,,,0,D Ignore,977,12,"Latest two closed candles are not same Gold/Blue color — small-cap potential, small-cap high risk, clean transition",https://www.tradingview.com/chart/?symbol=AGLDUSDT,,,,,,2026-09-07,1,fresh
DOLOUSDT,DOLO/USDT,Gold,Unknown,No,Unknown → Gold (Bullish),,,,0,D Ignore,1052,2,"Two-color confirmation did not come immediately after Gray — small-cap potential, small-cap high risk, clean transition",https://www.tradingview.com/chart/?symbol=DOLOUSDT,,,,,,2026-09-07,1,fresh
WAXPUSDT,WAXP/USDT,Gray,Unknown,No,Unknown → Gray (Gray),,,,0,D Ignore,829,9,"Latest two closed candles are not same Gold/Blue color — small-cap potential, small-cap high risk, clean transition",https://www.tradingview.com/chart/?symbol=WAXPUSDT,,,,,,2026-09-07,1,fresh
RLCUSDT,RLC/USDT,Gray,Unknown,No,Unknown → Gray (Gray),,,,0,D Ignore,708,13,"Latest two closed candles are not same Gold/Blue color — small-cap potential, small-cap high risk, clean transition",https://www.tradingview.com/chart/?symbol=RLCUSDT,,,,,,2026-09-07,1,fresh
FLNCBUSDT,FLNCB/USDT,Unknown,Unknown,No,Unknown → Unknown (A),,,,0,D Ignore,,,Not enough candles: 42 — not eligible for AI research,https://www.tradingview.com/chart/?symbol=BINANCE:FLNCBUSDT,,,,,,2026-09-07,1,fresh
HOTUSDT,HOT/USDT,Gold,Unknown,No,Unknown → Gold (Bullish),,,,0,D Ignore,371,12,"Two-color confirmation did not come immediately after Gray — small-cap potential, small-cap high risk, clean transition",https://www.tradingview.com/chart/?symbol=HOTUSDT,,,,,,2026-09-07,1,fresh
HAEDALUSDT,HAEDAL/USDT,Gray,Unknown,No,Unknown → Gray (Gray),,,,0,D Ignore,1884,16,"Latest two closed candles are not same Gold/Blue color — small-cap potential, small-cap high risk, clean transition",https://www.tradingview.com/chart/?symbol=HAEDALUSDT,,,,,,2026-09-07,1,fresh
CVCUSDT,CVC/USDT,Gray,Unknown,No,Unknown → Gray (Gray),,,,0,D Ignore,834,4,"Latest two closed candles are not same Gold/Blue color — small-cap potential, small-cap high risk, clean transition",https://www.tradingview.com/chart/?symbol=CVCUSDT,,,,,,2026-09-07,1,fresh
ZRXUSDT,ZRX/USDT,Gold,Unknown,No,Unknown → Gold (Bullish),,,,0,D Ignore,304,8,"Two-color confirmation did not come immediately after Gray — small-cap potential, small-cap high risk, clean transition",https://www.tradingview.com/chart/?symbol=ZRXUSDT,,,,,,2026-09-07,1,fresh
TFUELUSDT,TFUEL/USDT,Gold,Unknown,No,Unknown → Gold (Bullish),,,,0,D Ignore,357,2,"Two-color confirmation did not come immediately after Gray — small-cap potential, small-cap high risk, clean transition",https://www.tradingview.com/chart/?symbol=TFUELUSDT,,,,,,2026-09-07,1,fresh
CTSIUSDT,CTSI/USDT,Gold,Unknown,No,Unknown → Gold (Bullish),,,,0,D Ignore,755,13,"Two-color confirmation did not come immediately after Gray — small-cap potential, small-cap high risk, clean transition",https://www.tradingview.com/chart/?symbol=CTSIUSDT,,,,,,2026-09-07,1,fresh
LQTYUSDT,LQTY/USDT,Gold,Unknown,No,Unknown → Gold (Bullish),,,,0,D Ignore,791,6,"Two-color confirmation did not come immediately after Gray — small-cap potential, small-cap high risk, clean transition",https://www.tradingview.com/chart/?symbol=LQTYUSDT,,,,,,2026-09-07,1,fresh
NFLXBUSDT,NFLXB/USDT,Unknown,Unknown,No,Unknown → Unknown (A),,,,0,D Ignore,,,Not enough candles: 35 — not eligible for AI research,https://www.tradingview.com/chart/?symbol=BINANCE:NFLXBUSDT,,,,,,2026-09-07,1,fresh
MSFTBUSDT,MSFTB/USDT,Unknown,Unknown,No,Unknown → Unknown (A),,,,0,D Ignore,,,Not enough candles: 71 — not eligible for AI research,https://www.tradingview.com/chart/?symbol=BINANCE:MSFTBUSDT,,,,,,2026-09-07,1,fresh
RPLUSDT,RPL/USDT,Gold,Unknown,No,Unknown → Gold (Bullish),,,,0,D Ignore,546,0,"Latest two closed candles are not same Gold/Blue color — small-cap potential, small-cap high risk, fresh signal, clean transition",https://www.tradingview.com/chart/?symbol=RPLUSDT,,,,,,2026-09-07,1,fresh
GLWBUSDT,GLWB/USDT,Unknown,Unknown,No,Unknown → Unknown (A),,,,0,D Ignore,,,Not enough candles: 64 — not eligible for AI research,https://www.tradingview.com/chart/?symbol=BINANCE:GLWBUSDT,,,,,,2026-09-07,1,fresh
QTUMUSDT,QTUM/USDT,Gold,Unknown,No,Unknown → Gold (Bullish),,,,0,D Ignore,289,12,Two-color confirmation did not come immediately after Gray — clean transition,https://www.tradingview.com/chart/?symbol=QTUMUSDT,,,,,,2026-09-07,1,fresh
GLMUSDT,GLM/USDT,Gray,Unknown,No,Unknown → Gray (Gray),,,,0,D Ignore,257,12,Latest two closed candles are not same Gold/Blue color — clean transition,https://www.tradingview.com/chart/?symbol=GLMUSDT,,,,,,2026-09-07,1,fresh
IQUSDT,IQ/USDT,Gray,Unknown,No,Unknown → Gray (Gray),,,,0,D Ignore,850,0,"Latest two closed candles are not same Gold/Blue color — small-cap potential, small-cap high risk, fresh signal, clean transition",https://www.tradingview.com/chart/?symbol=IQUSDT,,,,,,2026-09-07,1,fresh
LSKUSDT,LSK/USDT,Gold,Unknown,No,Unknown → Gold (Bullish),,,,0,D Ignore,758,4,"Two-color confirmation did not come immediately after Gray — small-cap potential, small-cap high risk, clean transition",https://www.tradingview.com/chart/?symbol=LSKUSDT,,,,,,2026-09-07,1,fresh
ASMLBUSDT,ASMLB/USDT,Unknown,Unknown,No,Unknown → Unknown (A),,,,0,D Ignore,1893,,Not enough candles: 35 — not eligible for AI research,https://www.tradingview.com/chart/?symbol=BINANCE:ASMLBUSDT,,,,,,2026-09-07,1,fresh
STEEMUSDT,STEEM/USDT,Gray,Unknown,No,Unknown → Gray (Gray),,,,0,D Ignore,737,13,"Latest two closed candles are not same Gold/Blue color — small-cap potential, small-cap high risk, clean transition",https://www.tradingview.com/chart/?symbol=STEEMUSDT,,,,,,2026-09-07,1,fresh
GUSDT,G/USDT,Gold,Unknown,No,Unknown → Gold (Bullish),,,,0,D Ignore,684,35,"Two-color confirmation did not come immediately after Gray — small-cap potential, small-cap high risk, clean transition",https://www.tradingview.com/chart/?symbol=GUSDT,,,,,,2026-09-07,1,fresh
CUSDT,C/USDT,Blue,Unknown,No,Unknown → Blue (Bearish),,,,0,D Ignore,1251,62,"Two-color confirmation did not come immediately after Gray — small-cap potential, small-cap high risk, clean transition",https://www.tradingview.com/chart/?symbol=CUSDT,,,,,,2026-09-07,1,fresh
USDSUSDT,USDS/USDT,Blue,Unknown,No,Unknown → Blue (Bearish),,,Yes,0,D Ignore,13,13,"Two-color confirmation did not come immediately after Gray — large-cap stability, top market cap, clean transition",https://www.tradingview.com/chart/?symbol=USDSUSDT,,,,,,2026-09-07,1,fresh
VTHOUSDT,VTHO/USDT,Gray,Unknown,No,Unknown → Gray (Gray),,,,0,D Ignore,515,10,"Latest two closed candles are not same Gold/Blue color — small-cap potential, small-cap high risk, clean transition",https://www.tradingview.com/chart/?symbol=VTHOUSDT,,,,,,2026-09-07,1,fresh
GNSUSDT,GNS/USDT,Blue,Unknown,No,Unknown → Blue (Bearish),,,,0,D Ignore,1149,43,"Two-color confirmation did not come immediately after Gray — small-cap potential, small-cap high risk, clean transition",https://www.tradingview.com/chart/?symbol=GNSUSDT,,,,,,2026-09-07,1,fresh
SQQQBUSDT,SQQQB/USDT,Unknown,Unknown,No,Unknown → Unknown (A),,,,0,D Ignore,,,Not enough candles: 7 — not eligible for AI research,https://www.tradingview.com/chart/?symbol=BINANCE:SQQQBUSDT,,,,,,2026-09-07,1,fresh
BANDUSDT,BAND/USDT,Gold,Unknown,No,Unknown → Gold (Bullish),,,,0,D Ignore,605,5,"Two-color confirmation did not come immediately after Gray — small-cap potential, small-cap high risk, clean transition",https://www.tradingview.com/chart/?symbol=BANDUSDT,,,,,,2026-09-07,1,fresh
QUICKUSDT,QUICK/USDT,Gold,Unknown,No,Unknown → Gold (Bullish),,,,0,D Ignore,1540,13,"Two-color confirmation did not come immediately after Gray — small-cap potential, small-cap high risk, clean transition",https://www.tradingview.com/chart/?symbol=QUICKUSDT,,,,,,2026-09-07,1,fresh
TURTLEUSDT,TURTLE/USDT,Gold,Unknown,No,Unknown → Gold (Bullish),,,,0,D Ignore,1499,31,"Two-color confirmation did not come immediately after Gray — small-cap potential, small-cap high risk, clean transition",https://www.tradingview.com/chart/?symbol=TURTLEUSDT,,,,,,2026-09-07,1,fresh
SMCIBUSDT,SMCIB/USDT,Unknown,Unknown,No,Unknown → Unknown (A),,,,0,D Ignore,,,Not enough candles: 35 — not eligible for AI research,https://www.tradingview.com/chart/?symbol=BINANCE:SMCIBUSDT,,,,,,2026-09-07,1,fresh
STXBUSDT,STXB/USDT,Unknown,Unknown,No,Unknown → Unknown (A),,,,0,D Ignore,,,Not enough candles: 7 — not eligible for AI research,https://www.tradingview.com/chart/?symbol=BINANCE:STXBUSDT,,,,,,2026-09-07,1,fresh
POWRUSDT,POWR/USDT,Gray,Unknown,No,Unknown → Gray (Gray),,,,0,D Ignore,689,9,"Latest two closed candles are not same Gold/Blue color — small-cap potential, small-cap high risk, clean transition",https://www.tradingview.com/chart/?symbol=POWRUSDT,,,,,,2026-09-07,1,fresh
IBMBUSDT,IBMB/USDT,Unknown,Unknown,No,Unknown → Unknown (A),,,,0,D Ignore,,,Not enough candles: 56 — not eligible for AI research,https://www.tradingview.com/chart/?symbol=BINANCE:IBMBUSDT,,,,,,2026-09-07,1,fresh
MRNABUSDT,MRNAB/USDT,Unknown,Unknown,No,Unknown → Unknown (A),,,,0,D Ignore,,,Not enough candles: 7 — not eligible for AI research,https://www.tradingview.com/chart/?symbol=BINANCE:MRNABUSDT,,,,,,2026-09-07,1,fresh
CTKUSDT,CTK/USDT,Gray,Unknown,No,Unknown → Gray (Gray),,,,0,D Ignore,876,15,"Latest two closed candles are not same Gold/Blue color — small-cap potential, small-cap high risk, clean transition",https://www.tradingview.com/chart/?symbol=CTKUSDT,,,,,,2026-09-07,1,fresh
CRWDBUSDT,CRWDB/USDT,Unknown,Unknown,No,Unknown → Unknown (A),,,,0,D Ignore,,,Not enough candles: 7 — not eligible for AI research,https://www.tradingview.com/chart/?symbol=BINANCE:CRWDBUSDT,,,,,,2026-09-07,1,fresh
GSBUSDT,GSB/USDT,Unknown,Unknown,No,Unknown → Unknown (A),,,,0,D Ignore,,,Not enough candles: 42 — not eligible for AI research,https://www.tradingview.com/chart/?symbol=BINANCE:GSBUSDT,,,,,,2026-09-07,1,fresh
QNTBUSDT,QNTB/USDT,Unknown,Unknown,No,Unknown → Unknown (A),,,,0,D Ignore,,,Not enough candles: 49 — not eligible for AI research,https://www.tradingview.com/chart/?symbol=BINANCE:QNTBUSDT,,,,,,2026-09-07,1,fresh
ASRUSDT,ASR/USDT,Blue,Unknown,No,Unknown → Blue (Bearish),,,,0,D Ignore,1375,170,"Two-color confirmation did not come immediately after Gray — small-cap potential, small-cap high risk, clean transition",https://www.tradingview.com/chart/?symbol=ASRUSDT,,,,,,2026-09-07,1,fresh
ARKUSDT,ARK/USDT,Gray,Unknown,No,Unknown → Gray (Gray),,,,0,D Ignore,782,9,"Latest two closed candles are not same Gold/Blue color — small-cap potential, small-cap high risk, clean transition",https://www.tradingview.com/chart/?symbol=ARKUSDT,,,,,,2026-09-07,1,fresh
GTCUSDT,GTC/USDT,Gold,Unknown,No,Unknown → Gold (Bullish),,,,0,D Ignore,1437,19,"Two-color confirmation did not come immediately after Gray — small-cap potential, small-cap high risk, clean transition",https://www.tradingview.com/chart/?symbol=GTCUSDT,,,,,,2026-09-07,1,fresh
AWEUSDT,AWE/USDT,Gold,Unknown,No,Unknown → Gold (Bullish),,,,0,D Ignore,242,30,Two-color confirmation did not come immediately after Gray — clean transition,https://www.tradingview.com/chart/?symbol=AWEUSDT,,,,,,2026-09-07,1,fresh
MTLUSDT,MTL/USDT,Gray,Unknown,No,Unknown → Gray (Gray),,,,0,D Ignore,789,11,"Latest two closed candles are not same Gold/Blue color — small-cap potential, small-cap high risk, clean transition",https://www.tradingview.com/chart/?symbol=MTLUSDT,,,,,,2026-09-07,1,fresh
KGSTUSDT,KGST/USDT,Blue,Unknown,No,Unknown → Blue (Bearish),,,,0,D Ignore,1501,16,"Two-color confirmation did not come immediately after Gray — small-cap potential, small-cap high risk, clean transition",https://www.tradingview.com/chart/?symbol=KGSTUSDT,,,,,,2026-09-07,1,fresh
PYPLBUSDT,PYPLB/USDT,Unknown,Unknown,No,Unknown → Unknown (A),,,,0,D Ignore,,,Not enough candles: 42 — not eligible for AI research,https://www.tradingview.com/chart/?symbol=BINANCE:PYPLBUSDT,,,,,,2026-09-07,1,fresh
